"nhtemp","wusa","jasper","westgreen","chesapeake","tornetrask","urals","mongolia","tasman","year"
,-0.66,-0.03,0.03,-0.66,0.33,-1.49,0.83,-0.12,1000
,-0.63,-0.07,0.09,-0.67,0.21,-1.44,0.96,-0.17,1001
,-0.6,-0.11,0.18,-0.67,0.13,-1.39,0.99,-0.22,1002
,-0.55,-0.14,0.3,-0.68,0.08,-1.34,0.95,-0.26,1003
,-0.51,-0.15,0.41,-0.68,0.06,-1.3,0.87,-0.31,1004
,-0.47,-0.15,0.52,-0.68,0.07,-1.25,0.77,-0.37,1005
,-0.43,-0.13,0.6,-0.69,0.09,-1.2,0.67,-0.45,1006
,-0.41,-0.07,0.64,-0.68,0.13,-1.16,0.61,-0.54,1007
,-0.4,0,0.65,-0.67,0.18,-1.11,0.56,-0.64,1008
,-0.39,0.09,0.63,-0.66,0.25,-1.07,0.54,-0.74,1009
,-0.39,0.19,0.6,-0.65,0.32,-1.02,0.53,-0.84,1010
,-0.38,0.29,0.56,-0.63,0.4,-0.98,0.53,-0.92,1011
,-0.37,0.38,0.52,-0.6,0.48,-0.94,0.53,-0.96,1012
,-0.35,0.47,0.49,-0.57,0.56,-0.9,0.53,-0.97,1013
,-0.32,0.55,0.48,-0.54,0.65,-0.87,0.52,-0.93,1014
,-0.27,0.6,0.47,-0.5,0.73,-0.83,0.5,-0.86,1015
,-0.23,0.65,0.47,-0.46,0.81,-0.79,0.48,-0.75,1016
,-0.19,0.68,0.47,-0.41,0.88,-0.76,0.45,-0.62,1017
,-0.15,0.7,0.44,-0.37,0.95,-0.73,0.42,-0.47,1018
,-0.12,0.71,0.4,-0.32,1.02,-0.69,0.4,-0.32,1019
,-0.11,0.71,0.33,-0.26,1.09,-0.66,0.37,-0.18,1020
,-0.11,0.71,0.21,-0.21,1.14,-0.62,0.35,-0.04,1021
,-0.13,0.7,0.08,-0.16,1.2,-0.59,0.34,0.08,1022
,-0.16,0.68,-0.08,-0.11,1.24,-0.55,0.33,0.18,1023
,-0.2,0.67,-0.24,-0.07,1.28,-0.52,0.31,0.26,1024
,-0.24,0.65,-0.4,-0.05,1.3,-0.49,0.3,0.31,1025
,-0.29,0.64,-0.54,-0.05,1.31,-0.45,0.29,0.33,1026
,-0.34,0.62,-0.66,-0.06,1.31,-0.42,0.27,0.31,1027
,-0.39,0.61,-0.74,-0.1,1.29,-0.39,0.25,0.25,1028
,-0.43,0.6,-0.79,-0.17,1.26,-0.37,0.22,0.17,1029
,-0.47,0.6,-0.8,-0.25,1.22,-0.34,0.18,0.07,1030
,-0.49,0.58,-0.78,-0.35,1.16,-0.32,0.14,-0.04,1031
,-0.51,0.57,-0.73,-0.46,1.08,-0.29,0.09,-0.15,1032
,-0.5,0.54,-0.65,-0.58,0.99,-0.27,0.03,-0.24,1033
,-0.48,0.51,-0.55,-0.7,0.89,-0.26,-0.04,-0.31,1034
,-0.44,0.46,-0.42,-0.82,0.78,-0.24,-0.11,-0.35,1035
,-0.39,0.41,-0.27,-0.93,0.67,-0.23,-0.2,-0.35,1036
,-0.34,0.35,-0.12,-1.04,0.55,-0.22,-0.27,-0.33,1037
,-0.28,0.29,0.03,-1.14,0.44,-0.21,-0.34,-0.3,1038
,-0.23,0.23,0.17,-1.23,0.34,-0.2,-0.38,-0.25,1039
,-0.2,0.18,0.29,-1.29,0.25,-0.19,-0.4,-0.2,1040
,-0.19,0.14,0.39,-1.33,0.19,-0.19,-0.38,-0.14,1041
,-0.21,0.12,0.45,-1.35,0.16,-0.18,-0.32,-0.09,1042
,-0.25,0.11,0.48,-1.35,0.16,-0.18,-0.23,-0.05,1043
,-0.31,0.11,0.48,-1.32,0.17,-0.17,-0.11,-0.02,1044
,-0.37,0.13,0.45,-1.28,0.18,-0.17,0.03,0,1045
,-0.43,0.15,0.41,-1.23,0.21,-0.17,0.17,0,1046
,-0.49,0.19,0.35,-1.17,0.23,-0.16,0.32,-0.02,1047
,-0.53,0.25,0.28,-1.1,0.23,-0.16,0.47,-0.06,1048
,-0.55,0.31,0.2,-1.02,0.23,-0.17,0.61,-0.13,1049
,-0.55,0.38,0.11,-0.95,0.21,-0.17,0.72,-0.21,1050
,-0.53,0.45,0.03,-0.88,0.2,-0.17,0.81,-0.31,1051
,-0.49,0.51,-0.06,-0.81,0.19,-0.18,0.87,-0.41,1052
,-0.44,0.57,-0.15,-0.76,0.19,-0.19,0.9,-0.51,1053
,-0.38,0.61,-0.24,-0.71,0.22,-0.2,0.87,-0.59,1054
,-0.31,0.64,-0.32,-0.69,0.28,-0.21,0.8,-0.65,1055
,-0.24,0.64,-0.4,-0.67,0.38,-0.22,0.67,-0.69,1056
,-0.16,0.63,-0.47,-0.68,0.49,-0.24,0.5,-0.7,1057
,-0.09,0.6,-0.52,-0.7,0.62,-0.25,0.3,-0.68,1058
,-0.03,0.55,-0.55,-0.74,0.75,-0.27,0.09,-0.65,1059
,0.01,0.5,-0.56,-0.79,0.86,-0.28,-0.12,-0.59,1060
,0.04,0.44,-0.55,-0.85,0.95,-0.3,-0.32,-0.51,1061
,0.04,0.38,-0.5,-0.92,0.98,-0.32,-0.5,-0.42,1062
,0.01,0.33,-0.42,-1,0.97,-0.33,-0.63,-0.31,1063
,-0.04,0.28,-0.32,-1.08,0.91,-0.35,-0.73,-0.2,1064
,-0.11,0.25,-0.2,-1.16,0.82,-0.36,-0.78,-0.09,1065
,-0.18,0.23,-0.1,-1.23,0.71,-0.37,-0.81,0.02,1066
,-0.24,0.24,-0.02,-1.28,0.58,-0.38,-0.8,0.11,1067
,-0.29,0.27,0.03,-1.31,0.46,-0.39,-0.76,0.18,1068
,-0.31,0.34,0.03,-1.3,0.36,-0.39,-0.69,0.22,1069
,-0.31,0.45,-0.02,-1.26,0.27,-0.39,-0.61,0.22,1070
,-0.27,0.58,-0.12,-1.19,0.21,-0.39,-0.5,0.2,1071
,-0.21,0.73,-0.25,-1.1,0.17,-0.39,-0.37,0.17,1072
,-0.12,0.88,-0.38,-1.01,0.14,-0.39,-0.23,0.12,1073
,-0.02,1.02,-0.49,-0.92,0.13,-0.38,-0.09,0.08,1074
,0.1,1.15,-0.56,-0.84,0.11,-0.37,0.06,0.05,1075
,0.23,1.24,-0.59,-0.8,0.1,-0.36,0.22,0.04,1076
,0.37,1.3,-0.54,-0.79,0.09,-0.35,0.37,0.06,1077
,0.52,1.32,-0.44,-0.8,0.08,-0.34,0.51,0.1,1078
,0.66,1.3,-0.3,-0.83,0.08,-0.33,0.62,0.15,1079
,0.8,1.26,-0.14,-0.86,0.1,-0.31,0.71,0.2,1080
,0.92,1.2,0.03,-0.88,0.14,-0.3,0.76,0.23,1081
,1.03,1.13,0.17,-0.88,0.21,-0.29,0.75,0.24,1082
,1.12,1.05,0.28,-0.85,0.31,-0.27,0.69,0.21,1083
,1.19,0.96,0.34,-0.78,0.44,-0.26,0.56,0.13,1084
,1.24,0.87,0.36,-0.67,0.61,-0.25,0.39,0.03,1085
,1.26,0.79,0.35,-0.55,0.77,-0.24,0.19,-0.1,1086
,1.26,0.72,0.32,-0.42,0.93,-0.23,-0.02,-0.24,1087
,1.24,0.66,0.28,-0.31,1.07,-0.22,-0.21,-0.36,1088
,1.2,0.62,0.25,-0.21,1.15,-0.21,-0.36,-0.46,1089
,1.14,0.61,0.23,-0.16,1.18,-0.2,-0.46,-0.53,1090
,1.07,0.62,0.23,-0.15,1.14,-0.19,-0.48,-0.54,1091
,0.99,0.66,0.25,-0.18,1.04,-0.19,-0.45,-0.52,1092
,0.9,0.71,0.28,-0.25,0.9,-0.18,-0.37,-0.47,1093
,0.82,0.79,0.31,-0.33,0.75,-0.18,-0.27,-0.39,1094
,0.75,0.88,0.34,-0.44,0.6,-0.18,-0.16,-0.31,1095
,0.7,0.97,0.35,-0.55,0.47,-0.17,-0.07,-0.24,1096
,0.68,1.07,0.34,-0.66,0.4,-0.17,-0.01,-0.17,1097
,0.68,1.17,0.3,-0.75,0.38,-0.17,0,-0.13,1098
,0.72,1.27,0.24,-0.84,0.4,-0.17,-0.03,-0.11,1099
,0.77,1.36,0.16,-0.92,0.46,-0.17,-0.1,-0.1,1100
,0.83,1.43,0.07,-0.98,0.54,-0.17,-0.18,-0.1,1101
,0.9,1.49,-0.04,-1.04,0.61,-0.17,-0.28,-0.11,1102
,0.96,1.52,-0.14,-1.09,0.66,-0.18,-0.38,-0.12,1103
,1.02,1.53,-0.25,-1.12,0.67,-0.18,-0.48,-0.13,1104
,1.05,1.51,-0.35,-1.15,0.63,-0.19,-0.55,-0.14,1105
,1.07,1.46,-0.44,-1.17,0.56,-0.2,-0.62,-0.14,1106
,1.06,1.38,-0.51,-1.18,0.46,-0.21,-0.66,-0.13,1107
,1.05,1.29,-0.56,-1.18,0.35,-0.22,-0.7,-0.11,1108
,1.01,1.17,-0.58,-1.16,0.25,-0.22,-0.72,-0.08,1109
,0.95,1.05,-0.57,-1.12,0.17,-0.23,-0.73,-0.04,1110
,0.88,0.9,-0.52,-1.06,0.12,-0.24,-0.73,0.01,1111
,0.8,0.76,-0.43,-0.98,0.13,-0.25,-0.73,0.07,1112
,0.7,0.6,-0.31,-0.89,0.16,-0.26,-0.72,0.15,1113
,0.59,0.45,-0.17,-0.8,0.22,-0.27,-0.7,0.22,1114
,0.49,0.31,-0.03,-0.72,0.27,-0.27,-0.67,0.29,1115
,0.4,0.17,0.12,-0.65,0.3,-0.28,-0.64,0.36,1116
,0.32,0.05,0.25,-0.61,0.29,-0.28,-0.61,0.42,1117
,0.25,-0.05,0.36,-0.6,0.22,-0.28,-0.58,0.46,1118
,0.22,-0.12,0.44,-0.64,0.08,-0.29,-0.55,0.48,1119
,0.19,-0.17,0.49,-0.7,-0.11,-0.29,-0.51,0.49,1120
,0.19,-0.2,0.52,-0.77,-0.33,-0.29,-0.48,0.48,1121
,0.18,-0.22,0.53,-0.83,-0.55,-0.29,-0.44,0.47,1122
,0.17,-0.23,0.53,-0.88,-0.74,-0.29,-0.4,0.44,1123
,0.16,-0.23,0.54,-0.87,-0.9,-0.28,-0.36,0.41,1124
,0.13,-0.22,0.55,-0.81,-0.98,-0.28,-0.32,0.38,1125
,0.08,-0.21,0.58,-0.69,-0.97,-0.27,-0.27,0.35,1126
,0.01,-0.2,0.61,-0.51,-0.89,-0.26,-0.23,0.32,1127
,-0.06,-0.19,0.65,-0.3,-0.76,-0.25,-0.19,0.29,1128
,-0.14,-0.17,0.68,-0.1,-0.6,-0.23,-0.16,0.27,1129
,-0.21,-0.13,0.72,0.08,-0.43,-0.22,-0.13,0.25,1130
,-0.27,-0.09,0.74,0.21,-0.28,-0.2,-0.11,0.24,1131
,-0.31,-0.03,0.76,0.26,-0.16,-0.19,-0.11,0.23,1132
,-0.33,0.05,0.75,0.22,-0.09,-0.17,-0.12,0.23,1133
,-0.33,0.14,0.73,0.1,-0.07,-0.16,-0.14,0.24,1134
,-0.32,0.23,0.7,-0.08,-0.08,-0.14,-0.16,0.24,1135
,-0.3,0.32,0.67,-0.29,-0.11,-0.12,-0.17,0.25,1136
,-0.28,0.39,0.62,-0.51,-0.14,-0.11,-0.17,0.25,1137
,-0.27,0.46,0.58,-0.72,-0.16,-0.1,-0.15,0.25,1138
,-0.27,0.49,0.54,-0.89,-0.16,-0.09,-0.09,0.25,1139
,-0.29,0.5,0.49,-1.01,-0.13,-0.08,-0.01,0.24,1140
,-0.32,0.49,0.45,-1.08,-0.08,-0.08,0.1,0.22,1141
,-0.36,0.46,0.4,-1.11,-0.01,-0.08,0.22,0.2,1142
,-0.42,0.42,0.34,-1.12,0.05,-0.08,0.33,0.19,1143
,-0.48,0.37,0.27,-1.1,0.11,-0.08,0.41,0.19,1144
,-0.54,0.33,0.17,-1.08,0.15,-0.09,0.45,0.2,1145
,-0.6,0.29,0.05,-1.06,0.15,-0.1,0.44,0.22,1146
,-0.66,0.27,-0.1,-1.05,0.11,-0.12,0.37,0.27,1147
,-0.72,0.26,-0.26,-1.04,0.03,-0.13,0.25,0.32,1148
,-0.75,0.26,-0.43,-1.05,-0.06,-0.15,0.1,0.38,1149
,-0.77,0.27,-0.58,-1.05,-0.15,-0.18,-0.05,0.43,1150
,-0.77,0.29,-0.71,-1.07,-0.24,-0.2,-0.19,0.47,1151
,-0.73,0.3,-0.8,-1.08,-0.31,-0.22,-0.28,0.48,1152
,-0.66,0.32,-0.83,-1.1,-0.34,-0.25,-0.31,0.47,1153
,-0.55,0.34,-0.79,-1.11,-0.33,-0.27,-0.27,0.42,1154
,-0.41,0.35,-0.71,-1.12,-0.29,-0.29,-0.16,0.34,1155
,-0.25,0.36,-0.59,-1.13,-0.22,-0.31,-0.02,0.24,1156
,-0.08,0.38,-0.46,-1.14,-0.15,-0.33,0.14,0.14,1157
,0.08,0.4,-0.33,-1.14,-0.07,-0.35,0.3,0.05,1158
,0.23,0.42,-0.22,-1.15,-0.02,-0.37,0.43,-0.03,1159
,0.35,0.44,-0.16,-1.16,0.01,-0.38,0.5,-0.08,1160
,0.44,0.47,-0.14,-1.16,0,-0.4,0.51,-0.1,1161
,0.5,0.5,-0.17,-1.17,-0.03,-0.41,0.46,-0.08,1162
,0.54,0.54,-0.23,-1.17,-0.09,-0.42,0.39,-0.03,1163
,0.55,0.57,-0.29,-1.17,-0.16,-0.43,0.31,0.03,1164
,0.55,0.59,-0.35,-1.16,-0.23,-0.43,0.24,0.12,1165
,0.54,0.61,-0.39,-1.15,-0.28,-0.44,0.21,0.21,1166
,0.53,0.62,-0.38,-1.14,-0.32,-0.44,0.25,0.31,1167
,0.52,0.61,-0.33,-1.11,-0.32,-0.44,0.36,0.41,1168
,0.52,0.6,-0.23,-1.08,-0.3,-0.44,0.53,0.51,1169
,0.53,0.58,-0.1,-1.06,-0.26,-0.44,0.74,0.59,1170
,0.54,0.55,0.03,-1.03,-0.21,-0.43,0.96,0.66,1171
,0.56,0.52,0.16,-1.02,-0.15,-0.42,1.16,0.7,1172
,0.6,0.49,0.27,-1.02,-0.09,-0.41,1.33,0.72,1173
,0.65,0.46,0.34,-1.04,-0.04,-0.4,1.45,0.71,1174
,0.72,0.43,0.37,-1.08,0,-0.38,1.48,0.67,1175
,0.8,0.41,0.35,-1.13,0.02,-0.36,1.44,0.6,1176
,0.88,0.4,0.3,-1.2,0.05,-0.34,1.34,0.51,1177
,0.95,0.39,0.22,-1.27,0.06,-0.32,1.19,0.42,1178
,1.02,0.39,0.12,-1.34,0.07,-0.29,0.99,0.34,1179
,1.07,0.4,0,-1.41,0.09,-0.27,0.77,0.28,1180
,1.1,0.42,-0.12,-1.46,0.1,-0.24,0.53,0.25,1181
,1.1,0.45,-0.24,-1.5,0.12,-0.22,0.28,0.26,1182
,1.08,0.49,-0.36,-1.52,0.14,-0.19,0.03,0.29,1183
,1.04,0.53,-0.46,-1.53,0.16,-0.16,-0.19,0.33,1184
,0.99,0.56,-0.54,-1.53,0.17,-0.14,-0.39,0.36,1185
,0.94,0.58,-0.6,-1.52,0.16,-0.11,-0.54,0.38,1186
,0.89,0.59,-0.62,-1.51,0.13,-0.08,-0.63,0.36,1187
,0.85,0.58,-0.61,-1.5,0.08,-0.06,-0.65,0.29,1188
,0.83,0.54,-0.55,-1.49,0,-0.04,-0.59,0.16,1189
,0.82,0.47,-0.47,-1.48,-0.09,-0.01,-0.46,-0.01,1190
,0.81,0.39,-0.37,-1.47,-0.2,0.01,-0.3,-0.21,1191
,0.81,0.3,-0.26,-1.45,-0.31,0.03,-0.12,-0.41,1192
,0.81,0.2,-0.15,-1.43,-0.41,0.05,0.06,-0.6,1193
,0.8,0.1,-0.07,-1.4,-0.49,0.07,0.21,-0.75,1194
,0.77,0,-0.02,-1.35,-0.55,0.09,0.32,-0.85,1195
,0.74,-0.09,0,-1.29,-0.58,0.11,0.36,-0.87,1196
,0.69,-0.17,-0.02,-1.23,-0.58,0.13,0.34,-0.83,1197
,0.64,-0.25,-0.05,-1.15,-0.57,0.15,0.28,-0.75,1198
,0.59,-0.31,-0.09,-1.06,-0.55,0.17,0.19,-0.64,1199
,0.54,-0.36,-0.12,-0.97,-0.53,0.19,0.08,-0.52,1200
,0.5,-0.39,-0.12,-0.87,-0.53,0.21,-0.03,-0.41,1201
,0.48,-0.41,-0.09,-0.77,-0.55,0.23,-0.14,-0.32,1202
,0.47,-0.42,-0.02,-0.68,-0.6,0.24,-0.23,-0.26,1203
,0.48,-0.41,0.09,-0.58,-0.67,0.26,-0.3,-0.23,1204
,0.49,-0.39,0.22,-0.49,-0.76,0.27,-0.35,-0.23,1205
,0.51,-0.37,0.35,-0.41,-0.86,0.29,-0.38,-0.25,1206
,0.52,-0.34,0.47,-0.34,-0.96,0.3,-0.38,-0.28,1207
,0.52,-0.32,0.56,-0.3,-1.06,0.31,-0.36,-0.31,1208
,0.5,-0.31,0.61,-0.27,-1.14,0.33,-0.32,-0.34,1209
,0.46,-0.31,0.6,-0.26,-1.21,0.34,-0.26,-0.37,1210
,0.4,-0.32,0.56,-0.28,-1.26,0.35,-0.18,-0.39,1211
,0.34,-0.34,0.49,-0.31,-1.28,0.37,-0.08,-0.4,1212
,0.28,-0.37,0.42,-0.35,-1.29,0.38,0.03,-0.4,1213
,0.23,-0.39,0.36,-0.4,-1.27,0.39,0.15,-0.38,1214
,0.19,-0.42,0.33,-0.45,-1.22,0.41,0.27,-0.35,1215
,0.18,-0.45,0.35,-0.5,-1.15,0.42,0.4,-0.31,1216
,0.2,-0.47,0.42,-0.55,-1.05,0.43,0.51,-0.26,1217
,0.24,-0.49,0.53,-0.59,-0.93,0.44,0.62,-0.19,1218
,0.3,-0.5,0.66,-0.63,-0.8,0.45,0.72,-0.13,1219
,0.36,-0.51,0.79,-0.66,-0.65,0.46,0.81,-0.06,1220
,0.41,-0.52,0.89,-0.7,-0.51,0.47,0.88,-0.01,1221
,0.45,-0.53,0.94,-0.75,-0.36,0.47,0.93,0.02,1222
,0.47,-0.53,0.92,-0.79,-0.22,0.48,0.97,0.04,1223
,0.46,-0.53,0.81,-0.84,-0.09,0.48,0.98,0.02,1224
,0.43,-0.53,0.64,-0.89,0.02,0.49,0.97,-0.01,1225
,0.38,-0.53,0.43,-0.93,0.1,0.49,0.95,-0.07,1226
,0.32,-0.52,0.2,-0.96,0.16,0.49,0.92,-0.12,1227
,0.26,-0.52,-0.01,-0.97,0.18,0.49,0.89,-0.18,1228
,0.2,-0.51,-0.18,-0.95,0.16,0.49,0.86,-0.22,1229
,0.16,-0.5,-0.28,-0.91,0.09,0.49,0.84,-0.25,1230
,0.13,-0.49,-0.29,-0.82,-0.02,0.49,0.82,-0.25,1231
,0.12,-0.48,-0.24,-0.71,-0.17,0.5,0.81,-0.24,1232
,0.13,-0.46,-0.13,-0.58,-0.34,0.5,0.8,-0.21,1233
,0.13,-0.43,-0.01,-0.44,-0.52,0.51,0.78,-0.16,1234
,0.14,-0.4,0.11,-0.31,-0.69,0.52,0.76,-0.11,1235
,0.15,-0.35,0.2,-0.18,-0.83,0.52,0.72,-0.05,1236
,0.15,-0.3,0.23,-0.09,-0.94,0.53,0.66,0,1237
,0.14,-0.23,0.2,-0.02,-0.99,0.54,0.58,0.06,1238
,0.11,-0.15,0.11,0.02,-1,0.55,0.49,0.1,1239
,0.08,-0.06,-0.02,0.03,-0.97,0.56,0.39,0.15,1240
,0.04,0.02,-0.15,0.02,-0.9,0.57,0.31,0.19,1241
,-0.01,0.1,-0.27,0,-0.81,0.57,0.24,0.23,1242
,-0.06,0.17,-0.36,-0.05,-0.71,0.58,0.21,0.28,1243
,-0.11,0.22,-0.39,-0.1,-0.59,0.58,0.22,0.32,1244
,-0.16,0.25,-0.34,-0.17,-0.46,0.58,0.29,0.37,1245
,-0.21,0.27,-0.23,-0.23,-0.34,0.58,0.38,0.42,1246
,-0.26,0.27,-0.09,-0.3,-0.23,0.58,0.5,0.47,1247
,-0.31,0.26,0.07,-0.35,-0.13,0.57,0.62,0.5,1248
,-0.35,0.23,0.23,-0.4,-0.05,0.56,0.71,0.52,1249
,-0.38,0.19,0.36,-0.42,0,0.55,0.77,0.53,1250
,-0.4,0.15,0.44,-0.42,0.02,0.54,0.78,0.51,1251
,-0.41,0.1,0.46,-0.4,0,0.52,0.71,0.47,1252
,-0.41,0.05,0.42,-0.35,-0.05,0.51,0.6,0.41,1253
,-0.4,-0.01,0.33,-0.29,-0.12,0.49,0.45,0.34,1254
,-0.38,-0.05,0.21,-0.24,-0.22,0.47,0.29,0.26,1255
,-0.35,-0.09,0.07,-0.19,-0.33,0.46,0.14,0.18,1256
,-0.31,-0.11,-0.09,-0.16,-0.44,0.44,0.02,0.11,1257
,-0.26,-0.11,-0.25,-0.15,-0.55,0.43,-0.04,0.05,1258
,-0.2,-0.09,-0.41,-0.18,-0.66,0.42,-0.04,0.02,1259
,-0.13,-0.05,-0.54,-0.24,-0.76,0.41,0.02,-0.01,1260
,-0.06,0,-0.66,-0.32,-0.84,0.4,0.11,-0.01,1261
,0,0.07,-0.75,-0.4,-0.91,0.4,0.22,0,1262
,0.06,0.14,-0.8,-0.48,-0.95,0.39,0.32,0.02,1263
,0.09,0.22,-0.81,-0.55,-0.96,0.39,0.39,0.05,1264
,0.11,0.29,-0.78,-0.59,-0.94,0.39,0.41,0.09,1265
,0.1,0.36,-0.7,-0.6,-0.89,0.38,0.38,0.13,1266
,0.07,0.43,-0.57,-0.6,-0.82,0.38,0.29,0.17,1267
,0.02,0.49,-0.42,-0.59,-0.73,0.38,0.18,0.21,1268
,-0.03,0.54,-0.25,-0.59,-0.64,0.37,0.05,0.24,1269
,-0.08,0.57,-0.08,-0.61,-0.57,0.36,-0.07,0.26,1270
,-0.12,0.6,0.09,-0.67,-0.52,0.36,-0.17,0.25,1271
,-0.14,0.61,0.24,-0.78,-0.51,0.35,-0.22,0.22,1272
,-0.15,0.61,0.36,-0.95,-0.54,0.34,-0.22,0.16,1273
,-0.14,0.6,0.46,-1.16,-0.6,0.34,-0.16,0.08,1274
,-0.12,0.56,0.53,-1.37,-0.69,0.33,-0.07,-0.01,1275
,-0.11,0.51,0.57,-1.57,-0.8,0.32,0.06,-0.12,1276
,-0.1,0.45,0.6,-1.73,-0.9,0.31,0.2,-0.22,1277
,-0.11,0.37,0.62,-1.82,-0.99,0.3,0.34,-0.32,1278
,-0.14,0.27,0.62,-1.81,-1.06,0.28,0.49,-0.4,1279
,-0.2,0.15,0.61,-1.69,-1.09,0.27,0.62,-0.45,1280
,-0.28,0.02,0.59,-1.47,-1.1,0.26,0.73,-0.49,1281
,-0.38,-0.11,0.56,-1.19,-1.09,0.25,0.82,-0.51,1282
,-0.48,-0.25,0.51,-0.88,-1.06,0.24,0.88,-0.51,1283
,-0.58,-0.37,0.46,-0.56,-1.04,0.23,0.91,-0.51,1284
,-0.67,-0.48,0.39,-0.27,-1.01,0.22,0.91,-0.49,1285
,-0.75,-0.57,0.31,-0.03,-1.01,0.21,0.86,-0.47,1286
,-0.79,-0.63,0.22,0.13,-1.01,0.21,0.77,-0.45,1287
,-0.81,-0.67,0.12,0.22,-1.04,0.2,0.65,-0.42,1288
,-0.81,-0.68,0.02,0.24,-1.08,0.2,0.5,-0.39,1289
,-0.79,-0.67,-0.08,0.2,-1.13,0.19,0.32,-0.37,1290
,-0.74,-0.65,-0.16,0.11,-1.18,0.19,0.13,-0.35,1291
,-0.68,-0.61,-0.22,-0.01,-1.23,0.19,-0.07,-0.32,1292
,-0.6,-0.56,-0.26,-0.17,-1.28,0.19,-0.28,-0.31,1293
,-0.5,-0.5,-0.27,-0.35,-1.33,0.19,-0.48,-0.3,1294
,-0.4,-0.43,-0.25,-0.54,-1.36,0.2,-0.66,-0.28,1295
,-0.29,-0.36,-0.21,-0.72,-1.37,0.21,-0.83,-0.27,1296
,-0.18,-0.27,-0.15,-0.88,-1.36,0.22,-0.96,-0.24,1297
,-0.07,-0.18,-0.08,-1.01,-1.32,0.22,-1.06,-0.19,1298
,0.02,-0.09,0,-1.09,-1.24,0.24,-1.11,-0.13,1299
,0.09,0.01,0.09,-1.1,-1.12,0.25,-1.09,-0.04,1300
,0.15,0.11,0.18,-1.04,-0.95,0.26,-1.02,0.09,1301
,0.19,0.21,0.26,-0.92,-0.76,0.27,-0.9,0.23,1302
,0.21,0.31,0.33,-0.77,-0.55,0.28,-0.74,0.39,1303
,0.22,0.4,0.39,-0.6,-0.35,0.29,-0.55,0.54,1304
,0.23,0.48,0.43,-0.44,-0.16,0.3,-0.36,0.68,1305
,0.25,0.54,0.44,-0.3,-0.01,0.31,-0.17,0.8,1306
,0.26,0.58,0.43,-0.21,0.08,0.31,0,0.89,1307
,0.28,0.6,0.38,-0.18,0.11,0.32,0.14,0.93,1308
,0.31,0.6,0.3,-0.2,0.08,0.32,0.25,0.93,1309
,0.34,0.58,0.2,-0.26,0.02,0.31,0.34,0.89,1310
,0.38,0.54,0.09,-0.34,-0.08,0.31,0.39,0.82,1311
,0.41,0.49,-0.02,-0.42,-0.19,0.3,0.43,0.71,1312
,0.44,0.42,-0.13,-0.5,-0.3,0.29,0.44,0.57,1313
,0.47,0.33,-0.22,-0.55,-0.39,0.28,0.44,0.41,1314
,0.49,0.24,-0.29,-0.57,-0.45,0.27,0.42,0.22,1315
,0.51,0.13,-0.34,-0.56,-0.49,0.26,0.39,0.02,1316
,0.53,0.03,-0.38,-0.54,-0.5,0.24,0.36,-0.18,1317
,0.56,-0.07,-0.41,-0.52,-0.48,0.23,0.34,-0.36,1318
,0.6,-0.16,-0.42,-0.52,-0.45,0.21,0.33,-0.5,1319
,0.67,-0.23,-0.43,-0.54,-0.4,0.19,0.34,-0.6,1320
,0.76,-0.28,-0.44,-0.6,-0.33,0.16,0.39,-0.64,1321
,0.88,-0.3,-0.45,-0.71,-0.25,0.14,0.47,-0.61,1322
,1.02,-0.3,-0.46,-0.85,-0.17,0.11,0.57,-0.52,1323
,1.15,-0.29,-0.47,-1,-0.09,0.08,0.68,-0.38,1324
,1.27,-0.26,-0.47,-1.13,-0.03,0.05,0.79,-0.21,1325
,1.36,-0.22,-0.47,-1.23,0,0.02,0.88,-0.01,1326
,1.41,-0.17,-0.46,-1.27,0,-0.01,0.93,0.19,1327
,1.38,-0.13,-0.44,-1.23,-0.05,-0.04,0.93,0.38,1328
,1.29,-0.09,-0.42,-1.1,-0.15,-0.07,0.87,0.56,1329
,1.14,-0.05,-0.39,-0.89,-0.3,-0.1,0.77,0.71,1330
,0.93,-0.02,-0.35,-0.63,-0.46,-0.12,0.64,0.83,1331
,0.7,0,-0.3,-0.37,-0.63,-0.14,0.48,0.92,1332
,0.46,0.02,-0.24,-0.12,-0.79,-0.16,0.33,0.98,1333
,0.21,0.03,-0.18,0.08,-0.92,-0.17,0.19,1,1334
,-0.01,0.04,-0.11,0.2,-1,-0.19,0.09,0.98,1335
,-0.21,0.03,-0.04,0.22,-1.03,-0.2,0.02,0.92,1336
,-0.37,0.02,0.03,0.15,-1.02,-0.21,-0.01,0.82,1337
,-0.5,0.01,0.1,0,-0.97,-0.21,-0.02,0.69,1338
,-0.6,0,0.15,-0.21,-0.92,-0.22,-0.01,0.54,1339
,-0.68,-0.01,0.19,-0.45,-0.86,-0.21,-0.01,0.36,1340
,-0.73,-0.01,0.2,-0.72,-0.83,-0.21,-0.01,0.18,1341
,-0.76,0,0.18,-0.99,-0.83,-0.2,-0.03,-0.01,1342
,-0.77,0.01,0.13,-1.26,-0.88,-0.18,-0.09,-0.2,1343
,-0.77,0.04,0.05,-1.51,-0.96,-0.17,-0.16,-0.38,1344
,-0.75,0.07,-0.05,-1.73,-1.06,-0.14,-0.25,-0.54,1345
,-0.72,0.11,-0.16,-1.92,-1.15,-0.12,-0.34,-0.66,1346
,-0.67,0.15,-0.27,-2.07,-1.21,-0.09,-0.42,-0.74,1347
,-0.62,0.19,-0.37,-2.17,-1.24,-0.06,-0.48,-0.76,1348
,-0.56,0.23,-0.47,-2.22,-1.2,-0.02,-0.52,-0.71,1349
,-0.5,0.27,-0.54,-2.22,-1.08,0.01,-0.52,-0.6,1350
,-0.44,0.31,-0.6,-2.15,-0.9,0.05,-0.49,-0.42,1351
,-0.39,0.34,-0.63,-2.04,-0.68,0.09,-0.43,-0.21,1352
,-0.35,0.37,-0.66,-1.9,-0.43,0.13,-0.35,0.01,1353
,-0.33,0.39,-0.68,-1.72,-0.17,0.18,-0.26,0.22,1354
,-0.34,0.41,-0.69,-1.52,0.08,0.22,-0.16,0.4,1355
,-0.39,0.43,-0.7,-1.3,0.3,0.25,-0.05,0.53,1356
,-0.47,0.44,-0.71,-1.07,0.47,0.29,0.06,0.59,1357
,-0.57,0.45,-0.71,-0.84,0.61,0.33,0.17,0.59,1358
,-0.69,0.45,-0.7,-0.62,0.71,0.36,0.26,0.55,1359
,-0.79,0.46,-0.68,-0.41,0.77,0.39,0.35,0.49,1360
,-0.88,0.46,-0.64,-0.23,0.8,0.41,0.42,0.41,1361
,-0.93,0.46,-0.58,-0.09,0.8,0.44,0.48,0.35,1362
,-0.92,0.47,-0.49,0.02,0.78,0.46,0.51,0.3,1363
,-0.85,0.47,-0.37,0.07,0.75,0.47,0.52,0.29,1364
,-0.73,0.48,-0.24,0.09,0.69,0.49,0.52,0.31,1365
,-0.57,0.49,-0.1,0.07,0.62,0.5,0.5,0.35,1366
,-0.41,0.49,0.01,0.03,0.54,0.5,0.48,0.39,1367
,-0.25,0.49,0.1,-0.02,0.45,0.51,0.45,0.43,1368
,-0.13,0.48,0.14,-0.08,0.36,0.51,0.43,0.44,1369
,-0.05,0.46,0.12,-0.13,0.26,0.51,0.42,0.43,1370
,-0.04,0.42,0.02,-0.17,0.17,0.51,0.42,0.37,1371
,-0.07,0.38,-0.14,-0.19,0.08,0.51,0.43,0.29,1372
,-0.14,0.33,-0.34,-0.21,0,0.51,0.46,0.18,1373
,-0.22,0.29,-0.55,-0.21,-0.08,0.51,0.49,0.06,1374
,-0.31,0.25,-0.76,-0.2,-0.14,0.5,0.53,-0.05,1375
,-0.37,0.21,-0.94,-0.18,-0.19,0.5,0.58,-0.16,1376
,-0.4,0.19,-1.08,-0.16,-0.22,0.5,0.63,-0.24,1377
,-0.38,0.19,-1.16,-0.14,-0.24,0.49,0.67,-0.28,1378
,-0.32,0.2,-1.18,-0.11,-0.24,0.49,0.72,-0.3,1379
,-0.22,0.22,-1.15,-0.08,-0.22,0.49,0.76,-0.28,1380
,-0.1,0.25,-1.07,-0.04,-0.2,0.49,0.8,-0.24,1381
,0.04,0.28,-0.95,0,-0.17,0.48,0.83,-0.17,1382
,0.19,0.31,-0.8,0.04,-0.13,0.48,0.85,-0.08,1383
,0.34,0.33,-0.62,0.08,-0.1,0.47,0.86,0.04,1384
,0.48,0.35,-0.43,0.12,-0.07,0.46,0.86,0.17,1385
,0.6,0.36,-0.22,0.16,-0.04,0.46,0.85,0.32,1386
,0.7,0.37,-0.02,0.19,-0.03,0.45,0.83,0.47,1387
,0.78,0.39,0.18,0.22,-0.02,0.44,0.81,0.6,1388
,0.82,0.41,0.36,0.25,-0.02,0.42,0.78,0.73,1389
,0.82,0.43,0.51,0.27,-0.03,0.41,0.75,0.82,1390
,0.79,0.47,0.63,0.28,-0.06,0.39,0.71,0.88,1391
,0.7,0.52,0.71,0.28,-0.1,0.38,0.67,0.89,1392
,0.59,0.57,0.75,0.27,-0.16,0.36,0.64,0.87,1393
,0.45,0.64,0.76,0.26,-0.21,0.34,0.61,0.81,1394
,0.32,0.7,0.73,0.24,-0.25,0.32,0.58,0.73,1395
,0.19,0.76,0.69,0.22,-0.28,0.29,0.55,0.64,1396
,0.09,0.81,0.62,0.21,-0.27,0.27,0.54,0.55,1397
,0.03,0.85,0.54,0.2,-0.24,0.24,0.53,0.45,1398
,0.02,0.87,0.44,0.2,-0.16,0.21,0.53,0.37,1399
,0.05,0.87,0.35,0.2,-0.05,0.18,0.54,0.3,1400
,0.12,0.86,0.26,0.21,0.09,0.15,0.56,0.24,1401
,0.22,0.84,0.18,0.22,0.24,0.12,0.59,0.19,1402
,0.32,0.8,0.12,0.23,0.39,0.08,0.64,0.15,1403
,0.43,0.75,0.09,0.25,0.54,0.05,0.69,0.12,1404
,0.52,0.7,0.1,0.26,0.67,0.02,0.76,0.11,1405
,0.6,0.64,0.15,0.27,0.78,-0.02,0.83,0.11,1406
,0.66,0.58,0.23,0.27,0.86,-0.05,0.91,0.13,1407
,0.7,0.51,0.32,0.27,0.93,-0.08,0.98,0.15,1408
,0.73,0.44,0.43,0.25,0.96,-0.11,1.04,0.18,1409
,0.75,0.37,0.53,0.21,0.98,-0.14,1.07,0.22,1410
,0.77,0.3,0.61,0.16,0.98,-0.18,1.07,0.26,1411
,0.78,0.24,0.66,0.08,0.95,-0.21,1.02,0.31,1412
,0.79,0.18,0.67,-0.03,0.91,-0.23,0.93,0.36,1413
,0.8,0.13,0.65,-0.15,0.85,-0.26,0.8,0.41,1414
,0.81,0.08,0.59,-0.28,0.79,-0.29,0.65,0.45,1415
,0.82,0.05,0.52,-0.39,0.73,-0.31,0.52,0.49,1416
,0.83,0.02,0.44,-0.48,0.67,-0.34,0.4,0.51,1417
,0.85,0.01,0.35,-0.54,0.62,-0.36,0.34,0.52,1418
,0.88,0.01,0.26,-0.54,0.59,-0.38,0.34,0.51,1419
,0.91,0.03,0.18,-0.49,0.58,-0.4,0.41,0.47,1420
,0.94,0.06,0.11,-0.39,0.59,-0.42,0.55,0.42,1421
,0.97,0.09,0.05,-0.26,0.61,-0.44,0.74,0.37,1422
,1,0.14,0,-0.11,0.64,-0.45,0.95,0.32,1423
,1.02,0.2,-0.04,0.05,0.66,-0.47,1.16,0.28,1424
,1.02,0.27,-0.08,0.2,0.68,-0.48,1.36,0.25,1425
,1.02,0.34,-0.11,0.32,0.69,-0.49,1.52,0.25,1426
,0.99,0.41,-0.14,0.41,0.69,-0.51,1.63,0.29,1427
,0.95,0.48,-0.16,0.46,0.67,-0.52,1.69,0.35,1428
,0.9,0.55,-0.17,0.47,0.65,-0.53,1.7,0.42,1429
,0.82,0.61,-0.18,0.45,0.63,-0.54,1.69,0.5,1430
,0.74,0.66,-0.18,0.38,0.63,-0.54,1.64,0.58,1431
,0.64,0.68,-0.17,0.27,0.63,-0.55,1.58,0.64,1432
,0.54,0.68,-0.16,0.11,0.67,-0.55,1.51,0.68,1433
,0.42,0.66,-0.13,-0.08,0.72,-0.55,1.44,0.69,1434
,0.3,0.61,-0.1,-0.3,0.8,-0.55,1.37,0.67,1435
,0.18,0.54,-0.06,-0.53,0.89,-0.55,1.3,0.62,1436
,0.05,0.46,-0.02,-0.75,0.97,-0.54,1.24,0.55,1437
,-0.07,0.37,0.01,-0.94,1.04,-0.53,1.19,0.46,1438
,-0.18,0.27,0.04,-1.1,1.09,-0.53,1.15,0.35,1439
,-0.28,0.16,0.06,-1.19,1.11,-0.52,1.12,0.22,1440
,-0.37,0.06,0.07,-1.21,1.09,-0.51,1.11,0.08,1441
,-0.44,-0.03,0.08,-1.18,1.03,-0.49,1.11,-0.07,1442
,-0.5,-0.12,0.08,-1.1,0.93,-0.48,1.11,-0.21,1443
,-0.54,-0.2,0.08,-1,0.81,-0.46,1.1,-0.34,1444
,-0.57,-0.26,0.1,-0.9,0.67,-0.45,1.08,-0.45,1445
,-0.59,-0.31,0.14,-0.81,0.5,-0.43,1.05,-0.53,1446
,-0.59,-0.34,0.19,-0.75,0.33,-0.41,0.98,-0.58,1447
,-0.58,-0.35,0.27,-0.74,0.15,-0.39,0.88,-0.59,1448
,-0.56,-0.34,0.37,-0.78,-0.04,-0.36,0.76,-0.57,1449
,-0.54,-0.32,0.48,-0.85,-0.21,-0.33,0.61,-0.52,1450
,-0.52,-0.29,0.58,-0.95,-0.38,-0.3,0.46,-0.47,1451
,-0.51,-0.27,0.67,-1.06,-0.53,-0.27,0.3,-0.4,1452
,-0.52,-0.25,0.74,-1.19,-0.66,-0.23,0.14,-0.35,1453
,-0.55,-0.24,0.78,-1.32,-0.76,-0.18,0,-0.31,1454
,-0.6,-0.24,0.78,-1.45,-0.83,-0.14,-0.12,-0.29,1455
,-0.68,-0.26,0.75,-1.57,-0.87,-0.09,-0.23,-0.29,1456
,-0.76,-0.28,0.69,-1.68,-0.88,-0.03,-0.31,-0.3,1457
,-0.85,-0.31,0.62,-1.76,-0.86,0.03,-0.38,-0.32,1458
,-0.93,-0.34,0.53,-1.82,-0.83,0.08,-0.44,-0.34,1459
,-1,-0.37,0.45,-1.85,-0.79,0.14,-0.48,-0.34,1460
,-1.05,-0.4,0.37,-1.84,-0.73,0.2,-0.51,-0.33,1461
,-1.07,-0.42,0.31,-1.8,-0.66,0.26,-0.52,-0.3,1462
,-1.06,-0.44,0.27,-1.72,-0.59,0.31,-0.53,-0.25,1463
,-1.04,-0.45,0.23,-1.61,-0.51,0.36,-0.53,-0.19,1464
,-1.02,-0.45,0.2,-1.48,-0.42,0.41,-0.53,-0.13,1465
,-0.99,-0.44,0.17,-1.34,-0.32,0.45,-0.52,-0.06,1466
,-0.96,-0.43,0.13,-1.18,-0.21,0.49,-0.52,0.01,1467
,-0.95,-0.41,0.09,-1.02,-0.09,0.53,-0.53,0.06,1468
,-0.96,-0.38,0.04,-0.86,0.03,0.55,-0.54,0.1,1469
,-0.97,-0.35,-0.02,-0.72,0.16,0.58,-0.56,0.14,1470
,-0.99,-0.31,-0.09,-0.59,0.28,0.59,-0.57,0.16,1471
,-1.01,-0.28,-0.15,-0.49,0.37,0.6,-0.58,0.19,1472
,-1,-0.23,-0.22,-0.43,0.45,0.6,-0.57,0.21,1473
,-0.98,-0.19,-0.28,-0.41,0.48,0.6,-0.54,0.25,1474
,-0.92,-0.15,-0.34,-0.46,0.47,0.59,-0.49,0.3,1475
,-0.83,-0.1,-0.39,-0.56,0.4,0.58,-0.42,0.37,1476
,-0.7,-0.06,-0.43,-0.72,0.3,0.56,-0.31,0.45,1477
,-0.55,-0.02,-0.46,-0.91,0.18,0.54,-0.19,0.54,1478
,-0.39,0.01,-0.47,-1.13,0.06,0.52,-0.06,0.63,1479
,-0.22,0.04,-0.48,-1.35,-0.06,0.49,0.08,0.73,1480
,-0.05,0.06,-0.47,-1.56,-0.14,0.47,0.23,0.82,1481
,0.1,0.07,-0.45,-1.75,-0.18,0.44,0.37,0.9,1482
,0.23,0.07,-0.41,-1.89,-0.15,0.42,0.51,0.97,1483
,0.33,0.06,-0.36,-2,-0.08,0.39,0.63,1.02,1484
,0.4,0.04,-0.3,-2.06,0.03,0.37,0.73,1.06,1485
,0.43,0.01,-0.24,-2.07,0.16,0.34,0.81,1.09,1486
,0.43,-0.03,-0.17,-2.03,0.3,0.32,0.85,1.1,1487
,0.38,-0.08,-0.09,-1.94,0.44,0.3,0.86,1.08,1488
,0.28,-0.15,-0.01,-1.78,0.55,0.28,0.82,1.05,1489
,0.13,-0.22,0.07,-1.57,0.64,0.27,0.74,1,1490
,-0.05,-0.3,0.14,-1.31,0.69,0.25,0.61,0.93,1491
,-0.26,-0.37,0.21,-1.03,0.72,0.24,0.47,0.85,1492
,-0.47,-0.44,0.27,-0.75,0.73,0.23,0.31,0.76,1493
,-0.67,-0.49,0.32,-0.48,0.72,0.21,0.16,0.65,1494
,-0.84,-0.53,0.35,-0.24,0.71,0.2,0.02,0.55,1495
,-0.96,-0.54,0.37,-0.05,0.69,0.19,-0.09,0.44,1496
,-1.03,-0.51,0.36,0.07,0.67,0.18,-0.15,0.34,1497
,-1.04,-0.47,0.34,0.13,0.65,0.16,-0.18,0.24,1498
,-1.02,-0.4,0.31,0.13,0.62,0.15,-0.18,0.15,1499
,-0.96,-0.32,0.28,0.09,0.6,0.14,-0.15,0.08,1500
,-0.87,-0.23,0.25,0,0.57,0.12,-0.1,0.02,1501
,-0.77,-0.13,0.23,-0.11,0.53,0.1,-0.04,-0.02,1502
,-0.66,-0.04,0.23,-0.25,0.49,0.09,0.02,-0.03,1503
,-0.55,0.04,0.25,-0.4,0.45,0.07,0.09,-0.02,1504
,-0.44,0.11,0.29,-0.56,0.4,0.05,0.14,0.02,1505
,-0.34,0.17,0.34,-0.72,0.35,0.03,0.19,0.06,1506
,-0.25,0.22,0.39,-0.87,0.3,0,0.23,0.11,1507
,-0.16,0.26,0.43,-1,0.25,-0.02,0.24,0.15,1508
,-0.08,0.28,0.46,-1.11,0.2,-0.05,0.24,0.18,1509
,-0.01,0.3,0.46,-1.18,0.16,-0.07,0.2,0.19,1510
,0.06,0.3,0.44,-1.22,0.12,-0.1,0.14,0.16,1511
,0.11,0.29,0.39,-1.23,0.09,-0.13,0.05,0.12,1512
,0.15,0.28,0.32,-1.22,0.06,-0.17,-0.05,0.05,1513
,0.18,0.26,0.24,-1.2,0.02,-0.2,-0.14,-0.03,1514
,0.2,0.23,0.15,-1.19,-0.01,-0.24,-0.23,-0.11,1515
,0.21,0.21,0.05,-1.21,-0.06,-0.28,-0.3,-0.18,1516
,0.21,0.18,-0.04,-1.25,-0.12,-0.33,-0.33,-0.25,1517
,0.2,0.16,-0.13,-1.33,-0.19,-0.37,-0.33,-0.31,1518
,0.18,0.14,-0.21,-1.43,-0.27,-0.42,-0.29,-0.34,1519
,0.16,0.14,-0.28,-1.54,-0.36,-0.48,-0.22,-0.36,1520
,0.14,0.14,-0.32,-1.64,-0.46,-0.53,-0.14,-0.36,1521
,0.12,0.15,-0.34,-1.7,-0.56,-0.58,-0.04,-0.34,1522
,0.11,0.17,-0.33,-1.71,-0.67,-0.64,0.06,-0.3,1523
,0.11,0.21,-0.29,-1.65,-0.77,-0.69,0.15,-0.24,1524
,0.12,0.27,-0.21,-1.5,-0.88,-0.75,0.24,-0.16,1525
,0.15,0.33,-0.1,-1.29,-0.97,-0.8,0.31,-0.07,1526
,0.18,0.39,0.03,-1.03,-1.05,-0.85,0.38,0.03,1527
,0.21,0.45,0.16,-0.75,-1.09,-0.9,0.44,0.12,1528
,0.25,0.5,0.28,-0.48,-1.1,-0.94,0.49,0.21,1529
,0.28,0.52,0.38,-0.23,-1.07,-0.98,0.55,0.27,1530
,0.31,0.51,0.44,-0.03,-0.98,-1.02,0.6,0.31,1531
,0.32,0.47,0.47,0.1,-0.83,-1.05,0.66,0.32,1532
,0.33,0.4,0.46,0.17,-0.64,-1.08,0.72,0.29,1533
,0.32,0.31,0.41,0.19,-0.43,-1.1,0.77,0.26,1534
,0.28,0.21,0.34,0.18,-0.22,-1.12,0.82,0.21,1535
,0.23,0.11,0.25,0.15,-0.03,-1.14,0.86,0.17,1536
,0.15,0.03,0.15,0.12,0.13,-1.15,0.89,0.13,1537
,0.05,-0.04,0.03,0.1,0.22,-1.16,0.9,0.11,1538
,-0.09,-0.08,-0.08,0.11,0.24,-1.16,0.89,0.12,1539
,-0.24,-0.09,-0.19,0.13,0.2,-1.16,0.87,0.16,1540
,-0.39,-0.09,-0.29,0.16,0.12,-1.16,0.83,0.2,1541
,-0.54,-0.06,-0.35,0.2,0.02,-1.15,0.78,0.26,1542
,-0.65,-0.03,-0.39,0.25,-0.08,-1.14,0.72,0.33,1543
,-0.72,0.02,-0.38,0.29,-0.16,-1.12,0.66,0.39,1544
,-0.74,0.07,-0.32,0.32,-0.2,-1.1,0.58,0.45,1545
,-0.69,0.12,-0.21,0.33,-0.19,-1.08,0.51,0.5,1546
,-0.59,0.17,-0.05,0.34,-0.14,-1.06,0.43,0.53,1547
,-0.45,0.22,0.12,0.34,-0.05,-1.03,0.35,0.55,1548
,-0.29,0.27,0.31,0.32,0.04,-1.01,0.27,0.55,1549
,-0.12,0.3,0.47,0.31,0.14,-0.98,0.2,0.53,1550
,0.04,0.33,0.61,0.29,0.22,-0.95,0.13,0.49,1551
,0.17,0.34,0.69,0.26,0.27,-0.92,0.06,0.43,1552
,0.26,0.34,0.7,0.24,0.28,-0.89,0,0.35,1553
,0.31,0.33,0.65,0.23,0.26,-0.86,-0.05,0.25,1554
,0.34,0.32,0.56,0.22,0.22,-0.82,-0.09,0.14,1555
,0.34,0.3,0.43,0.21,0.17,-0.79,-0.11,0.04,1556
,0.33,0.29,0.27,0.22,0.12,-0.76,-0.11,-0.05,1557
,0.32,0.28,0.11,0.23,0.09,-0.73,-0.08,-0.12,1558
,0.31,0.27,-0.05,0.26,0.1,-0.7,-0.03,-0.15,1559
,0.3,0.29,-0.19,0.3,0.14,-0.67,0.06,-0.14,1560
,0.31,0.31,-0.31,0.34,0.21,-0.65,0.17,-0.11,1561
,0.32,0.33,-0.41,0.38,0.29,-0.62,0.29,-0.05,1562
,0.33,0.36,-0.47,0.4,0.37,-0.6,0.42,0.02,1563
,0.35,0.39,-0.49,0.41,0.43,-0.58,0.54,0.09,1564
,0.37,0.41,-0.46,0.38,0.46,-0.57,0.66,0.14,1565
,0.39,0.42,-0.39,0.31,0.43,-0.56,0.76,0.16,1566
,0.41,0.41,-0.25,0.2,0.35,-0.55,0.83,0.16,1567
,0.42,0.4,-0.08,0.05,0.22,-0.55,0.88,0.12,1568
,0.42,0.38,0.11,-0.13,0.05,-0.56,0.91,0.07,1569
,0.41,0.36,0.3,-0.31,-0.14,-0.56,0.92,0.01,1570
,0.38,0.34,0.47,-0.5,-0.33,-0.58,0.91,-0.05,1571
,0.33,0.32,0.6,-0.67,-0.5,-0.59,0.9,-0.1,1572
,0.25,0.3,0.67,-0.81,-0.66,-0.6,0.89,-0.13,1573
,0.15,0.3,0.67,-0.92,-0.77,-0.62,0.87,-0.14,1574
,0.03,0.3,0.61,-1,-0.85,-0.64,0.85,-0.12,1575
,-0.1,0.31,0.51,-1.05,-0.9,-0.66,0.82,-0.09,1576
,-0.24,0.32,0.39,-1.09,-0.92,-0.68,0.79,-0.04,1577
,-0.37,0.32,0.26,-1.11,-0.93,-0.7,0.76,0.02,1578
,-0.48,0.32,0.14,-1.13,-0.93,-0.72,0.72,0.08,1579
,-0.57,0.31,0.06,-1.15,-0.92,-0.73,0.67,0.15,1580
,-0.64,0.28,0.03,-1.18,-0.91,-0.75,0.61,0.2,1581
,-0.67,0.25,0.04,-1.21,-0.9,-0.77,0.55,0.26,1582
,-0.68,0.21,0.07,-1.24,-0.9,-0.78,0.48,0.3,1583
,-0.68,0.17,0.12,-1.26,-0.89,-0.8,0.41,0.34,1584
,-0.66,0.14,0.18,-1.27,-0.88,-0.81,0.34,0.37,1585
,-0.64,0.11,0.23,-1.26,-0.87,-0.82,0.27,0.39,1586
,-0.61,0.1,0.25,-1.22,-0.87,-0.83,0.19,0.4,1587
,-0.58,0.1,0.25,-1.15,-0.86,-0.84,0.12,0.4,1588
,-0.56,0.12,0.22,-1.07,-0.85,-0.85,0.05,0.39,1589
,-0.54,0.14,0.18,-0.98,-0.84,-0.86,-0.03,0.38,1590
,-0.52,0.16,0.12,-0.89,-0.83,-0.87,-0.12,0.36,1591
,-0.51,0.19,0.05,-0.81,-0.83,-0.88,-0.21,0.35,1592
,-0.49,0.21,-0.02,-0.76,-0.83,-0.88,-0.32,0.34,1593
,-0.48,0.22,-0.09,-0.75,-0.83,-0.89,-0.44,0.33,1594
,-0.47,0.22,-0.15,-0.78,-0.84,-0.89,-0.58,0.33,1595
,-0.46,0.21,-0.2,-0.84,-0.86,-0.89,-0.72,0.34,1596
,-0.46,0.19,-0.23,-0.9,-0.88,-0.89,-0.87,0.35,1597
,-0.45,0.17,-0.26,-0.96,-0.91,-0.88,-1,0.34,1598
,-0.45,0.16,-0.26,-0.97,-0.94,-0.88,-1.11,0.32,1599
,-0.45,0.15,-0.26,-0.94,-0.98,-0.87,-1.19,0.29,1600
,-0.45,0.15,-0.23,-0.82,-1.03,-0.87,-1.23,0.22,1601
,-0.45,0.17,-0.19,-0.63,-1.09,-0.86,-1.23,0.12,1602
,-0.45,0.2,-0.14,-0.37,-1.14,-0.85,-1.18,0,1603
,-0.44,0.24,-0.07,-0.08,-1.2,-0.85,-1.09,-0.13,1604
,-0.43,0.28,0.01,0.2,-1.25,-0.84,-0.98,-0.25,1605
,-0.41,0.32,0.11,0.45,-1.29,-0.83,-0.84,-0.36,1606
,-0.38,0.36,0.21,0.61,-1.32,-0.83,-0.69,-0.45,1607
,-0.34,0.4,0.32,0.67,-1.33,-0.83,-0.52,-0.5,1608
,-0.28,0.43,0.44,0.6,-1.32,-0.83,-0.36,-0.51,1609
,-0.21,0.45,0.55,0.42,-1.29,-0.83,-0.2,-0.47,1610
,-0.14,0.47,0.66,0.16,-1.25,-0.83,-0.05,-0.41,1611
,-0.07,0.48,0.74,-0.13,-1.2,-0.84,0.09,-0.34,1612
,-0.02,0.49,0.8,-0.43,-1.16,-0.84,0.22,-0.27,1613
,0.02,0.5,0.82,-0.7,-1.12,-0.85,0.32,-0.2,1614
,0.04,0.52,0.79,-0.91,-1.08,-0.86,0.39,-0.16,1615
,0.02,0.53,0.72,-1.03,-1.07,-0.87,0.44,-0.14,1616
,-0.02,0.54,0.61,-1.06,-1.06,-0.88,0.46,-0.15,1617
,-0.09,0.55,0.47,-1.01,-1.06,-0.9,0.46,-0.18,1618
,-0.16,0.54,0.32,-0.9,-1.07,-0.91,0.44,-0.22,1619
,-0.25,0.53,0.17,-0.74,-1.08,-0.93,0.4,-0.26,1620
,-0.34,0.49,0.05,-0.52,-1.08,-0.94,0.36,-0.3,1621
,-0.43,0.44,-0.05,-0.27,-1.08,-0.96,0.31,-0.32,1622
,-0.51,0.36,-0.11,0,-1.07,-0.98,0.27,-0.32,1623
,-0.58,0.26,-0.13,0.29,-1.05,-1,0.23,-0.3,1624
,-0.63,0.16,-0.13,0.58,-1.03,-1.01,0.19,-0.27,1625
,-0.68,0.06,-0.11,0.85,-0.99,-1.03,0.16,-0.23,1626
,-0.7,-0.04,-0.08,1.09,-0.94,-1.04,0.13,-0.17,1627
,-0.7,-0.11,-0.05,1.3,-0.88,-1.05,0.11,-0.12,1628
,-0.68,-0.15,-0.04,1.44,-0.8,-1.06,0.1,-0.06,1629
,-0.64,-0.16,-0.04,1.52,-0.72,-1.07,0.11,-0.01,1630
,-0.58,-0.13,-0.06,1.54,-0.63,-1.07,0.12,0.05,1631
,-0.51,-0.09,-0.1,1.49,-0.56,-1.06,0.14,0.1,1632
,-0.44,-0.02,-0.15,1.39,-0.5,-1.06,0.17,0.15,1633
,-0.38,0.05,-0.21,1.24,-0.47,-1.05,0.21,0.19,1634
,-0.33,0.12,-0.27,1.04,-0.47,-1.03,0.24,0.24,1635
,-0.3,0.18,-0.34,0.81,-0.53,-1.02,0.28,0.28,1636
,-0.3,0.24,-0.41,0.53,-0.63,-1,0.32,0.33,1637
,-0.33,0.28,-0.47,0.24,-0.78,-0.97,0.35,0.37,1638
,-0.37,0.31,-0.53,-0.04,-0.95,-0.94,0.39,0.39,1639
,-0.42,0.34,-0.57,-0.3,-1.13,-0.91,0.42,0.41,1640
,-0.48,0.36,-0.59,-0.51,-1.3,-0.88,0.45,0.41,1641
,-0.53,0.37,-0.58,-0.65,-1.45,-0.84,0.49,0.38,1642
,-0.58,0.39,-0.54,-0.71,-1.55,-0.81,0.52,0.33,1643
,-0.61,0.4,-0.47,-0.67,-1.6,-0.77,0.55,0.25,1644
,-0.63,0.42,-0.37,-0.55,-1.59,-0.73,0.58,0.16,1645
,-0.63,0.44,-0.25,-0.37,-1.54,-0.69,0.6,0.05,1646
,-0.63,0.46,-0.13,-0.17,-1.44,-0.65,0.63,-0.04,1647
,-0.62,0.47,-0.02,0.03,-1.32,-0.61,0.67,-0.12,1648
,-0.6,0.49,0.08,0.19,-1.17,-0.57,0.7,-0.16,1649
,-0.58,0.51,0.14,0.3,-1.01,-0.53,0.74,-0.16,1650
,-0.56,0.52,0.17,0.32,-0.83,-0.5,0.78,-0.11,1651
,-0.53,0.54,0.16,0.28,-0.66,-0.46,0.82,-0.02,1652
,-0.5,0.55,0.14,0.19,-0.49,-0.43,0.86,0.09,1653
,-0.46,0.55,0.11,0.07,-0.34,-0.4,0.9,0.22,1654
,-0.41,0.55,0.08,-0.06,-0.22,-0.37,0.93,0.33,1655
,-0.36,0.54,0.06,-0.18,-0.13,-0.34,0.96,0.42,1656
,-0.29,0.52,0.07,-0.27,-0.08,-0.32,0.98,0.48,1657
,-0.21,0.49,0.11,-0.32,-0.08,-0.29,0.98,0.48,1658
,-0.13,0.46,0.17,-0.33,-0.13,-0.27,0.98,0.44,1659
,-0.05,0.41,0.25,-0.31,-0.19,-0.25,0.97,0.37,1660
,0.02,0.36,0.33,-0.27,-0.27,-0.24,0.96,0.28,1661
,0.06,0.31,0.42,-0.21,-0.35,-0.22,0.94,0.17,1662
,0.07,0.26,0.49,-0.15,-0.4,-0.21,0.92,0.07,1663
,0.04,0.22,0.54,-0.1,-0.43,-0.19,0.89,-0.02,1664
,-0.03,0.18,0.56,-0.05,-0.41,-0.18,0.87,-0.09,1665
,-0.13,0.14,0.55,-0.03,-0.36,-0.17,0.85,-0.13,1666
,-0.26,0.12,0.52,-0.04,-0.3,-0.16,0.81,-0.17,1667
,-0.39,0.1,0.47,-0.07,-0.24,-0.16,0.76,-0.18,1668
,-0.52,0.09,0.39,-0.15,-0.2,-0.15,0.69,-0.19,1669
,-0.63,0.08,0.3,-0.28,-0.2,-0.15,0.6,-0.19,1670
,-0.71,0.09,0.19,-0.45,-0.25,-0.15,0.47,-0.18,1671
,-0.75,0.1,0.08,-0.68,-0.35,-0.15,0.31,-0.17,1672
,-0.75,0.12,-0.05,-0.94,-0.51,-0.15,0.13,-0.16,1673
,-0.73,0.15,-0.17,-1.19,-0.7,-0.16,-0.06,-0.15,1674
,-0.69,0.18,-0.28,-1.41,-0.91,-0.16,-0.24,-0.14,1675
,-0.64,0.22,-0.37,-1.55,-1.11,-0.17,-0.4,-0.14,1676
,-0.59,0.26,-0.44,-1.6,-1.29,-0.17,-0.53,-0.14,1677
,-0.56,0.3,-0.47,-1.51,-1.44,-0.17,-0.61,-0.14,1678
,-0.54,0.34,-0.46,-1.28,-1.53,-0.17,-0.63,-0.15,1679
,-0.54,0.37,-0.41,-0.92,-1.57,-0.17,-0.6,-0.16,1680
,-0.55,0.41,-0.35,-0.5,-1.57,-0.17,-0.52,-0.17,1681
,-0.56,0.43,-0.27,-0.05,-1.54,-0.17,-0.41,-0.18,1682
,-0.57,0.45,-0.19,0.37,-1.47,-0.17,-0.27,-0.2,1683
,-0.57,0.46,-0.11,0.72,-1.38,-0.17,-0.11,-0.2,1684
,-0.56,0.45,-0.05,0.94,-1.27,-0.16,0.05,-0.21,1685
,-0.53,0.43,-0.01,1.02,-1.15,-0.16,0.22,-0.21,1686
,-0.49,0.39,0,0.95,-1.03,-0.16,0.38,-0.2,1687
,-0.44,0.34,-0.01,0.78,-0.92,-0.16,0.53,-0.19,1688
,-0.38,0.27,-0.05,0.55,-0.83,-0.15,0.65,-0.19,1689
,-0.33,0.18,-0.1,0.27,-0.76,-0.15,0.75,-0.18,1690
,-0.28,0.08,-0.18,0,-0.74,-0.15,0.81,-0.19,1691
,-0.24,-0.04,-0.27,-0.25,-0.76,-0.15,0.83,-0.2,1692
,-0.21,-0.18,-0.38,-0.44,-0.83,-0.15,0.81,-0.22,1693
,-0.21,-0.33,-0.5,-0.58,-0.95,-0.14,0.74,-0.25,1694
,-0.22,-0.47,-0.61,-0.66,-1.08,-0.14,0.64,-0.27,1695
,-0.26,-0.59,-0.72,-0.69,-1.22,-0.14,0.52,-0.29,1696
,-0.31,-0.69,-0.8,-0.69,-1.35,-0.13,0.39,-0.28,1697
,-0.4,-0.75,-0.86,-0.64,-1.44,-0.13,0.26,-0.26,1698
,-0.51,-0.77,-0.88,-0.57,-1.49,-0.12,0.14,-0.2,1699
,-0.64,-0.73,-0.85,-0.48,-1.47,-0.11,0.03,-0.1,1700
,-0.8,-0.64,-0.79,-0.37,-1.41,-0.1,-0.06,0.03,1701
,-0.95,-0.51,-0.69,-0.27,-1.3,-0.09,-0.13,0.17,1702
,-1.1,-0.37,-0.57,-0.19,-1.17,-0.08,-0.18,0.31,1703
,-1.22,-0.21,-0.43,-0.15,-1.03,-0.07,-0.22,0.45,1704
,-1.3,-0.05,-0.27,-0.17,-0.9,-0.05,-0.25,0.58,1705
,-1.33,0.09,-0.12,-0.25,-0.78,-0.04,-0.25,0.67,1706
,-1.31,0.21,0.03,-0.41,-0.7,-0.03,-0.24,0.72,1707
,-1.23,0.3,0.17,-0.63,-0.65,-0.02,-0.22,0.74,1708
,-1.11,0.39,0.29,-0.87,-0.62,-0.02,-0.18,0.73,1709
,-0.96,0.46,0.37,-1.11,-0.62,-0.01,-0.14,0.7,1710
,-0.79,0.52,0.42,-1.33,-0.64,0,-0.09,0.64,1711
,-0.61,0.58,0.41,-1.48,-0.67,0,-0.03,0.57,1712
,-0.43,0.65,0.33,-1.55,-0.72,0,0.02,0.49,1713
,-0.27,0.72,0.2,-1.52,-0.77,0,0.08,0.4,1714
,-0.12,0.79,0.02,-1.39,-0.82,0,0.13,0.32,1715
,0.02,0.86,-0.17,-1.2,-0.87,0,0.18,0.23,1716
,0.14,0.91,-0.35,-0.97,-0.92,0,0.21,0.15,1717
,0.25,0.95,-0.48,-0.72,-0.96,0,0.21,0.07,1718
,0.35,0.95,-0.55,-0.48,-0.99,-0.01,0.2,0.01,1719
,0.43,0.93,-0.51,-0.27,-1,-0.02,0.15,-0.04,1720
,0.5,0.87,-0.35,-0.12,-0.99,-0.03,0.07,-0.07,1721
,0.55,0.77,-0.1,-0.02,-0.97,-0.04,-0.03,-0.09,1722
,0.58,0.66,0.21,0.03,-0.93,-0.05,-0.14,-0.1,1723
,0.6,0.54,0.52,0.02,-0.89,-0.06,-0.24,-0.1,1724
,0.6,0.41,0.82,-0.03,-0.85,-0.07,-0.33,-0.1,1725
,0.58,0.3,1.06,-0.12,-0.82,-0.09,-0.4,-0.11,1726
,0.54,0.2,1.2,-0.26,-0.79,-0.1,-0.42,-0.12,1727
,0.47,0.13,1.22,-0.43,-0.79,-0.1,-0.39,-0.15,1728
,0.4,0.08,1.13,-0.62,-0.8,-0.11,-0.33,-0.18,1729
,0.31,0.05,0.96,-0.82,-0.81,-0.11,-0.23,-0.21,1730
,0.23,0.04,0.75,-1.01,-0.84,-0.12,-0.12,-0.23,1731
,0.17,0.04,0.52,-1.18,-0.87,-0.11,-0.01,-0.23,1732
,0.12,0.04,0.3,-1.3,-0.89,-0.11,0.09,-0.21,1733
,0.09,0.05,0.13,-1.37,-0.92,-0.1,0.18,-0.15,1734
,0.1,0.05,0.01,-1.37,-0.93,-0.09,0.23,-0.07,1735
,0.14,0.05,-0.04,-1.32,-0.94,-0.07,0.26,0.05,1736
,0.19,0.05,-0.05,-1.22,-0.94,-0.05,0.26,0.18,1737
,0.26,0.05,-0.03,-1.1,-0.94,-0.03,0.24,0.31,1738
,0.33,0.06,0.01,-0.97,-0.93,-0.01,0.21,0.43,1739
,0.38,0.06,0.05,-0.86,-0.92,0.01,0.18,0.53,1740
,0.43,0.07,0.08,-0.77,-0.9,0.03,0.14,0.59,1741
,0.45,0.09,0.09,-0.71,-0.88,0.05,0.1,0.62,1742
,0.44,0.11,0.08,-0.69,-0.86,0.07,0.07,0.6,1743
,0.42,0.14,0.05,-0.69,-0.84,0.09,0.05,0.56,1744
,0.38,0.18,0.01,-0.69,-0.81,0.11,0.04,0.49,1745
,0.33,0.22,-0.05,-0.69,-0.77,0.12,0.05,0.41,1746
,0.26,0.26,-0.11,-0.67,-0.74,0.14,0.07,0.33,1747
,0.19,0.32,-0.18,-0.63,-0.69,0.15,0.12,0.24,1748
,0.11,0.38,-0.25,-0.55,-0.64,0.16,0.19,0.16,1749
,0.02,0.44,-0.32,-0.45,-0.59,0.17,0.28,0.09,1750
,-0.06,0.5,-0.38,-0.34,-0.52,0.18,0.38,0.03,1751
,-0.12,0.55,-0.43,-0.24,-0.44,0.18,0.48,-0.03,1752
,-0.17,0.59,-0.47,-0.16,-0.35,0.18,0.58,-0.09,1753
,-0.2,0.61,-0.48,-0.13,-0.23,0.18,0.67,-0.14,1754
,-0.2,0.62,-0.47,-0.16,-0.1,0.18,0.73,-0.19,1755
,-0.17,0.6,-0.43,-0.26,0.04,0.18,0.76,-0.24,1756
,-0.11,0.56,-0.37,-0.41,0.2,0.17,0.78,-0.28,1757
,-0.04,0.51,-0.29,-0.58,0.35,0.16,0.79,-0.32,1758
,0.04,0.46,-0.2,-0.73,0.49,0.15,0.79,-0.34,1759
,0.11,0.42,-0.1,-0.85,0.6,0.13,0.79,-0.35,1760
,0.16,0.39,0,-0.89,0.66,0.12,0.81,-0.33,1761
,0.19,0.39,0.09,-0.84,0.67,0.1,0.85,-0.29,1762
,0.18,0.41,0.17,-0.68,0.61,0.08,0.92,-0.21,1763
,0.14,0.45,0.23,-0.43,0.5,0.06,1,-0.12,1764
,0.09,0.51,0.28,-0.13,0.37,0.03,1.1,-0.01,1765
,0.03,0.57,0.31,0.17,0.21,0.01,1.2,0.1,1766
,-0.03,0.64,0.32,0.44,0.06,-0.01,1.29,0.21,1767
,-0.07,0.71,0.32,0.63,-0.07,-0.03,1.37,0.31,1768
,-0.1,0.77,0.3,0.7,-0.16,-0.05,1.43,0.38,1769
,-0.09,0.8,0.26,0.62,-0.2,-0.07,1.45,0.42,1770
,-0.06,0.82,0.2,0.43,-0.19,-0.09,1.45,0.43,1771
,-0.02,0.81,0.14,0.16,-0.16,-0.11,1.43,0.43,1772
,0.04,0.78,0.07,-0.15,-0.1,-0.12,1.41,0.4,1773
,0.11,0.72,0.01,-0.45,-0.03,-0.13,1.39,0.35,1774
,0.17,0.62,-0.05,-0.71,0.03,-0.14,1.38,0.3,1775
,0.23,0.49,-0.09,-0.88,0.09,-0.14,1.39,0.24,1776
,0.28,0.32,-0.11,-0.94,0.11,-0.14,1.42,0.17,1777
,0.31,0.13,-0.12,-0.91,0.12,-0.14,1.48,0.11,1778
,0.34,-0.07,-0.11,-0.8,0.11,-0.13,1.53,0.05,1779
,0.37,-0.27,-0.08,-0.65,0.08,-0.12,1.58,-0.01,1780
,0.39,-0.45,-0.03,-0.49,0.04,-0.11,1.61,-0.06,1781
,0.41,-0.6,0.03,-0.34,0,-0.09,1.6,-0.09,1782
,0.43,-0.7,0.11,-0.23,-0.05,-0.07,1.55,-0.11,1783
,0.46,-0.75,0.2,-0.19,-0.1,-0.05,1.45,-0.12,1784
,0.49,-0.74,0.29,-0.2,-0.15,-0.02,1.29,-0.11,1785
,0.53,-0.69,0.39,-0.26,-0.19,0,1.1,-0.09,1786
,0.56,-0.62,0.46,-0.34,-0.22,0.02,0.89,-0.07,1787
,0.6,-0.52,0.51,-0.43,-0.25,0.04,0.66,-0.05,1788
,0.63,-0.41,0.52,-0.51,-0.27,0.06,0.43,-0.04,1789
,0.65,-0.3,0.49,-0.58,-0.27,0.08,0.21,-0.03,1790
,0.67,-0.21,0.41,-0.62,-0.26,0.09,0.01,-0.05,1791
,0.68,-0.12,0.28,-0.63,-0.24,0.1,-0.17,-0.07,1792
,0.69,-0.05,0.13,-0.61,-0.21,0.11,-0.33,-0.09,1793
,0.7,0.01,-0.02,-0.58,-0.18,0.11,-0.46,-0.12,1794
,0.71,0.06,-0.15,-0.54,-0.15,0.1,-0.57,-0.13,1795
,0.72,0.09,-0.26,-0.5,-0.13,0.1,-0.66,-0.12,1796
,0.75,0.1,-0.32,-0.46,-0.11,0.08,-0.72,-0.1,1797
,0.78,0.09,-0.32,-0.43,-0.1,0.07,-0.76,-0.04,1798
,0.82,0.06,-0.28,-0.4,-0.11,0.05,-0.78,0.03,1799
,0.85,0.02,-0.19,-0.37,-0.13,0.02,-0.77,0.12,1800
,0.86,-0.04,-0.09,-0.33,-0.17,0,-0.74,0.22,1801
,0.86,-0.11,0.02,-0.27,-0.22,-0.03,-0.7,0.32,1802
,0.82,-0.19,0.11,-0.19,-0.3,-0.07,-0.64,0.41,1803
,0.75,-0.28,0.18,-0.08,-0.39,-0.11,-0.57,0.48,1804
,0.64,-0.39,0.21,0.07,-0.51,-0.15,-0.48,0.54,1805
,0.49,-0.49,0.21,0.23,-0.65,-0.2,-0.39,0.57,1806
,0.32,-0.6,0.18,0.4,-0.79,-0.24,-0.31,0.59,1807
,0.13,-0.7,0.13,0.56,-0.95,-0.29,-0.24,0.6,1808
,-0.07,-0.79,0.06,0.7,-1.11,-0.34,-0.2,0.59,1809
,-0.27,-0.86,-0.02,0.79,-1.26,-0.38,-0.19,0.58,1810
,-0.46,-0.91,-0.11,0.84,-1.4,-0.42,-0.22,0.55,1811
,-0.64,-0.93,-0.19,0.81,-1.53,-0.46,-0.31,0.53,1812
,-0.79,-0.94,-0.27,0.73,-1.64,-0.49,-0.42,0.5,1813
,-0.92,-0.92,-0.34,0.6,-1.73,-0.52,-0.56,0.47,1814
,-1.02,-0.89,-0.38,0.44,-1.77,-0.55,-0.71,0.45,1815
,-1.09,-0.85,-0.4,0.26,-1.78,-0.56,-0.84,0.43,1816
,-1.14,-0.81,-0.4,0.07,-1.74,-0.57,-0.95,0.42,1817
,-1.15,-0.76,-0.35,-0.11,-1.65,-0.58,-1.02,0.42,1818
,-1.13,-0.71,-0.27,-0.27,-1.49,-0.58,-1.03,0.43,1819
,-1.08,-0.66,-0.17,-0.42,-1.3,-0.57,-0.99,0.45,1820
,-1.01,-0.62,-0.05,-0.54,-1.07,-0.55,-0.92,0.47,1821
,-0.92,-0.58,0.07,-0.65,-0.83,-0.54,-0.81,0.48,1822
,-0.83,-0.56,0.17,-0.74,-0.6,-0.52,-0.68,0.49,1823
,-0.73,-0.55,0.24,-0.82,-0.39,-0.5,-0.53,0.49,1824
,-0.64,-0.55,0.27,-0.87,-0.22,-0.48,-0.38,0.48,1825
,-0.55,-0.57,0.24,-0.91,-0.1,-0.46,-0.24,0.44,1826
,-0.48,-0.6,0.17,-0.92,-0.03,-0.44,-0.11,0.39,1827
,-0.43,-0.64,0.07,-0.91,-0.01,-0.42,0,0.33,1828
,-0.4,-0.68,-0.04,-0.87,-0.04,-0.4,0.06,0.25,1829
,-0.41,-0.73,-0.15,-0.81,-0.11,-0.38,0.08,0.18,1830
,-0.45,-0.76,-0.25,-0.71,-0.23,-0.36,0.03,0.1,1831
,-0.52,-0.79,-0.32,-0.58,-0.38,-0.33,-0.09,0.02,1832
,-0.64,-0.8,-0.35,-0.41,-0.57,-0.31,-0.29,-0.05,1833
,-0.79,-0.8,-0.34,-0.22,-0.78,-0.28,-0.54,-0.11,1834
,-0.96,-0.79,-0.31,-0.03,-0.98,-0.26,-0.82,-0.17,1835
,-1.13,-0.76,-0.26,0.14,-1.17,-0.23,-1.1,-0.21,1836
,-1.3,-0.72,-0.2,0.28,-1.32,-0.2,-1.34,-0.25,1837
,-1.45,-0.66,-0.13,0.36,-1.41,-0.17,-1.53,-0.27,1838
,-1.56,-0.59,-0.08,0.37,-1.43,-0.15,-1.63,-0.28,1839
,-1.63,-0.51,-0.03,0.3,-1.36,-0.12,-1.62,-0.28,1840
,-1.67,-0.41,0,0.16,-1.22,-0.1,-1.52,-0.27,1841
,-1.66,-0.32,0.02,-0.01,-1.02,-0.07,-1.36,-0.25,1842
,-1.63,-0.22,0.04,-0.18,-0.8,-0.05,-1.17,-0.23,1843
,-1.57,-0.14,0.07,-0.33,-0.57,-0.03,-0.99,-0.22,1844
,-1.49,-0.07,0.1,-0.43,-0.35,-0.02,-0.84,-0.22,1845
,-1.39,-0.02,0.14,-0.46,-0.16,-0.01,-0.75,-0.22,1846
,-1.28,0.01,0.2,-0.38,-0.02,0,-0.74,-0.25,1847
,-1.17,0.02,0.26,-0.22,0.07,0,-0.81,-0.28,1848
,-1.06,0,0.32,-0.01,0.13,0.01,-0.92,-0.31,1849
,-0.95,-0.02,0.37,0.23,0.16,0,-1.05,-0.33,1850
,-0.86,-0.05,0.4,0.46,0.19,0,-1.19,-0.34,1851
,-0.79,-0.08,0.39,0.66,0.21,-0.01,-1.31,-0.32,1852
,-0.75,-0.11,0.34,0.8,0.24,-0.02,-1.38,-0.26,1853
,-0.74,-0.13,0.24,0.87,0.29,-0.03,-1.39,-0.17,1854
,-0.75,-0.14,0.1,0.86,0.35,-0.04,-1.35,-0.04,1855
-0.37,-0.78,-0.15,-0.06,0.8,0.41,-0.05,-1.27,0.1,1856
-0.35,-0.81,-0.15,-0.24,0.7,0.46,-0.06,-1.18,0.25,1857
-0.33,-0.84,-0.15,-0.41,0.58,0.49,-0.08,-1.07,0.4,1858
-0.09,-0.85,-0.15,-0.57,0.44,0.49,-0.09,-0.98,0.52,1859
-0.37,-0.84,-0.16,-0.7,0.32,0.45,-0.11,-0.9,0.61,1860
-0.26,-0.79,-0.16,-0.79,0.21,0.37,-0.13,-0.87,0.66,1861
-0.62,-0.72,-0.17,-0.84,0.13,0.24,-0.14,-0.87,0.68,1862
-0.13,-0.62,-0.19,-0.85,0.09,0.1,-0.16,-0.89,0.67,1863
-0.44,-0.52,-0.21,-0.81,0.09,-0.05,-0.17,-0.95,0.64,1864
-0.19,-0.41,-0.23,-0.74,0.13,-0.19,-0.19,-1.03,0.6,1865
-0.15,-0.3,-0.27,-0.63,0.24,-0.31,-0.21,-1.12,0.57,1866
-0.26,-0.21,-0.32,-0.47,0.4,-0.38,-0.22,-1.23,0.54,1867
-0.08,-0.14,-0.37,-0.29,0.63,-0.41,-0.24,-1.35,0.53,1868
-0.15,-0.08,-0.43,-0.08,0.9,-0.39,-0.26,-1.47,0.53,1869
-0.2,-0.05,-0.49,0.13,1.18,-0.34,-0.28,-1.58,0.54,1870
-0.33,-0.03,-0.55,0.33,1.45,-0.27,-0.3,-1.68,0.55,1871
-0.2,-0.04,-0.61,0.5,1.68,-0.18,-0.32,-1.75,0.55,1872
-0.28,-0.06,-0.65,0.63,1.84,-0.08,-0.34,-1.78,0.54,1873
-0.25,-0.1,-0.68,0.68,1.9,0.01,-0.36,-1.78,0.51,1874
-0.5,-0.15,-0.69,0.67,1.84,0.08,-0.39,-1.73,0.46,1875
-0.36,-0.22,-0.69,0.59,1.68,0.13,-0.41,-1.63,0.4,1876
-0.14,-0.29,-0.67,0.46,1.45,0.17,-0.43,-1.51,0.33,1877
0.13,-0.36,-0.63,0.31,1.16,0.18,-0.45,-1.37,0.26,1878
-0.24,-0.42,-0.58,0.14,0.84,0.16,-0.47,-1.22,0.19,1879
-0.27,-0.46,-0.51,-0.02,0.52,0.11,-0.49,-1.07,0.15,1880
-0.25,-0.47,-0.43,-0.16,0.22,0.04,-0.5,-0.93,0.13,1881
-0.24,-0.45,-0.34,-0.26,-0.04,-0.07,-0.51,-0.82,0.14,1882
-0.35,-0.41,-0.25,-0.32,-0.25,-0.2,-0.51,-0.72,0.17,1883
-0.4,-0.35,-0.15,-0.35,-0.42,-0.33,-0.51,-0.64,0.21,1884
-0.36,-0.28,-0.06,-0.35,-0.53,-0.45,-0.51,-0.57,0.26,1885
-0.25,-0.21,0.02,-0.32,-0.6,-0.53,-0.5,-0.5,0.31,1886
-0.27,-0.15,0.08,-0.26,-0.61,-0.57,-0.48,-0.44,0.33,1887
-0.27,-0.11,0.11,-0.19,-0.57,-0.54,-0.46,-0.38,0.34,1888
-0.14,-0.09,0.12,-0.11,-0.47,-0.44,-0.43,-0.31,0.3,1889
-0.37,-0.08,0.11,-0.01,-0.33,-0.28,-0.4,-0.24,0.24,1890
-0.32,-0.08,0.08,0.08,-0.16,-0.08,-0.37,-0.16,0.16,1891
-0.42,-0.09,0.05,0.16,0.01,0.12,-0.33,-0.1,0.05,1892
-0.48,-0.09,0.01,0.22,0.18,0.3,-0.29,-0.04,-0.08,1893
-0.37,-0.08,-0.03,0.25,0.33,0.45,-0.25,0.01,-0.22,1894
-0.38,-0.05,-0.05,0.24,0.45,0.53,-0.2,0.04,-0.37,1895
-0.21,0.01,-0.06,0.18,0.51,0.54,-0.15,0.05,-0.52,1896
-0.2,0.08,-0.06,0.08,0.53,0.47,-0.1,0.04,-0.67,1897
-0.27,0.18,-0.04,-0.03,0.51,0.36,-0.06,0.03,-0.82,1898
-0.17,0.28,-0.02,-0.16,0.47,0.21,-0.01,0.01,-0.96,1899
-0.15,0.39,0.01,-0.28,0.4,0.04,0.04,-0.02,-1.09,1900
-0.17,0.5,0.04,-0.38,0.32,-0.12,0.09,-0.04,-1.2,1901
-0.36,0.61,0.06,-0.46,0.23,-0.26,0.13,-0.06,-1.29,1902
-0.41,0.7,0.08,-0.49,0.14,-0.37,0.18,-0.07,-1.36,1903
-0.44,0.78,0.09,-0.49,0.05,-0.45,0.22,-0.06,-1.4,1904
-0.34,0.84,0.1,-0.46,-0.04,-0.5,0.26,-0.05,-1.41,1905
-0.21,0.88,0.1,-0.4,-0.12,-0.52,0.3,-0.01,-1.39,1906
-0.53,0.9,0.1,-0.34,-0.2,-0.52,0.34,0.04,-1.34,1907
-0.43,0.88,0.1,-0.27,-0.27,-0.5,0.37,0.1,-1.26,1908
-0.4,0.83,0.11,-0.2,-0.34,-0.46,0.4,0.19,-1.14,1909
-0.38,0.75,0.11,-0.14,-0.4,-0.41,0.43,0.3,-0.98,1910
-0.41,0.64,0.11,-0.09,-0.45,-0.34,0.46,0.43,-0.8,1911
-0.48,0.51,0.12,-0.07,-0.48,-0.25,0.49,0.56,-0.61,1912
-0.41,0.38,0.14,-0.06,-0.48,-0.14,0.51,0.69,-0.41,1913
-0.24,0.25,0.17,-0.09,-0.46,0.01,0.53,0.82,-0.23,1914
-0.12,0.14,0.2,-0.15,-0.41,0.18,0.55,0.92,-0.07,1915
-0.38,0.06,0.25,-0.25,-0.32,0.38,0.57,1.01,0.06,1916
-0.52,0,0.31,-0.38,-0.19,0.63,0.58,1.06,0.15,1917
-0.42,-0.01,0.38,-0.54,-0.04,0.89,0.6,1.08,0.2,1918
-0.36,0,0.45,-0.69,0.11,1.14,0.61,1.09,0.21,1919
-0.29,0.03,0.53,-0.82,0.25,1.37,0.62,1.08,0.19,1920
-0.14,0.09,0.61,-0.9,0.35,1.56,0.63,1.06,0.15,1921
-0.28,0.16,0.69,-0.91,0.4,1.68,0.64,1.03,0.09,1922
-0.26,0.25,0.76,-0.83,0.38,1.7,0.65,1.01,0.01,1923
-0.28,0.35,0.82,-0.65,0.26,1.63,0.65,1,-0.08,1924
-0.15,0.46,0.87,-0.38,0.08,1.48,0.65,1,-0.17,1925
-0.03,0.57,0.92,-0.06,-0.13,1.28,0.66,1,-0.26,1926
-0.15,0.69,0.95,0.27,-0.36,1.06,0.66,1.02,-0.33,1927
-0.16,0.81,0.97,0.6,-0.56,0.85,0.66,1.05,-0.38,1928
-0.36,0.93,0.98,0.87,-0.72,0.68,0.66,1.09,-0.4,1929
-0.05,1.04,0.97,1.08,-0.79,0.58,0.66,1.15,-0.39,1930
-0.01,1.15,0.95,1.18,-0.77,0.57,0.67,1.22,-0.34,1931
-0.06,1.26,0.93,1.19,-0.66,0.65,0.67,1.3,-0.25,1932
-0.24,1.35,0.89,1.14,-0.5,0.78,0.67,1.38,-0.15,1933
-0.07,1.42,0.85,1.04,-0.3,0.95,0.68,1.43,-0.04,1934
-0.12,1.48,0.81,0.92,-0.09,1.14,0.68,1.46,0.07,1935
-0.06,1.52,0.77,0.8,0.11,1.32,0.69,1.45,0.16,1936
0.06,1.53,0.74,0.69,0.27,1.47,0.69,1.4,0.22,1937
0.17,1.51,0.71,0.62,0.37,1.58,0.7,1.29,0.23,1938
0.05,1.47,0.7,0.58,0.42,1.65,0.7,1.14,0.22,1939
-0.09,1.41,0.69,0.56,0.42,1.68,0.71,0.97,0.17,1940
0,1.33,0.69,0.55,0.39,1.69,0.71,0.81,0.11,1941
0.02,1.25,0.69,0.55,0.33,1.67,0.71,0.66,0.03,1942
0.08,1.16,0.71,0.54,0.25,1.63,0.72,0.56,-0.05,1943
0.22,1.07,0.74,0.51,0.17,1.58,0.72,0.51,-0.13,1944
0.04,0.98,0.77,0.47,0.08,1.52,0.72,0.54,-0.2,1945
0,0.9,0.81,0.4,0,1.46,0.73,0.64,-0.26,1946
-0.02,0.83,0.85,0.32,-0.06,1.4,0.73,0.77,-0.31,1947
0.03,0.77,0.88,0.24,-0.1,1.35,0.73,0.94,-0.35,1948
0,0.72,0.91,0.15,-0.11,1.3,0.73,1.12,-0.37,1949
-0.17,0.69,0.93,0.07,-0.09,1.27,0.73,1.28,-0.38,1950
0.01,0.68,0.93,0,-0.01,1.25,0.73,1.43,-0.38,1951
0.03,0.69,0.91,-0.05,0.11,1.26,0.72,1.54,-0.36,1952
0.17,0.71,0.87,-0.08,0.26,1.27,0.72,1.61,-0.33,1953
-0.07,0.75,0.82,-0.09,0.43,1.3,0.71,1.65,-0.3,1954
-0.06,0.81,0.76,-0.09,0.58,1.33,0.7,1.67,-0.25,1955
-0.25,0.87,0.69,-0.06,0.69,1.36,0.69,1.67,-0.21,1956
0.01,0.94,0.63,-0.01,0.75,1.39,0.67,1.67,-0.16,1957
0.14,1.01,0.56,0.06,0.72,1.41,0.65,1.66,-0.11,1958
0.05,1.08,0.51,0.16,0.6,1.42,0.63,1.65,-0.06,1959
0.04,1.16,0.45,0.26,0.41,1.41,0.61,1.64,-0.01,1960
0.03,1.23,0.41,0.37,0.16,1.38,0.58,1.63,0.04,1961
0.09,1.3,0.38,0.47,-0.1,1.34,0.55,1.61,0.09,1962
0.14,1.37,0.36,0.56,-0.35,1.27,0.52,1.58,0.15,1963
-0.2,1.44,0.36,0.63,-0.57,1.19,0.49,1.54,0.23,1964
-0.16,1.51,0.37,0.65,-0.73,1.07,0.46,1.48,0.31,1965
-0.01,1.57,0.39,0.64,-0.8,0.94,0.43,1.39,0.41,1966
0.01,1.63,0.43,0.59,-0.8,0.79,0.4,1.3,0.51,1967
-0.04,1.7,0.48,0.51,-0.74,0.63,0.37,1.2,0.62,1968
-0.02,1.75,0.54,0.42,-0.63,0.48,0.35,1.1,0.72,1969
-0.05,1.81,0.59,0.32,-0.49,0.35,0.33,1.02,0.82,1970
-0.18,1.87,0.64,0.22,-0.33,0.24,0.31,0.95,0.9,1971
-0.2,1.92,0.69,0.14,-0.16,0.17,0.3,0.91,0.96,1972
0.05,1.97,0.73,0.07,-0.01,0.15,0.3,0.91,0.99,1973
-0.23,2.01,0.76,0.03,0.13,0.17,0.29,0.93,1,1974
-0.11,2.04,0.77,0,0.25,0.23,0.3,0.98,1,1975
-0.27,2.07,0.78,0,0.34,0.32,0.3,1.04,0.99,1976
0.04,2.07,0.79,0.01,0.41,0.43,0.31,1.11,0.98,1977
-0.04,2.05,0.78,0.05,0.44,0.57,0.33,1.18,0.98,1978
0.05,2.02,0.77,0.11,0.43,0.72,0.34,1.25,0.99,1979
0.09,1.95,0.74,0.19,0.37,0.87,0.36,1.31,1.02,1980
0.24,1.87,0.72,0.29,0.29,1.03,0.38,1.35,1.06,1981
-0.01,1.77,0.69,0.38,0.17,1.18,0.4,1.38,1.11,1982
0.2,1.66,0.66,0.46,0.02,1.32,0.43,1.41,1.15,1983
-0.04,1.54,0.62,0.53,-0.14,1.44,0.45,1.42,1.19,1984
-0.09,1.43,0.59,0.56,-0.31,1.54,0.47,1.42,1.21,1985
0.08,1.33,0.56,0.56,-0.48,1.6,0.5,1.41,1.2,1986
0.22,1.24,0.54,0.51,-0.65,1.63,0.51,1.39,1.16,1987
0.27,1.16,0.52,0.42,-0.8,1.62,0.53,1.37,1.1,1988
0.19,1.1,0.5,0.31,-0.94,1.58,0.55,1.34,1.02,1989
0.42,1.04,0.48,0.18,-1.04,1.51,0.56,1.31,0.93,1990
0.31,0.99,0.46,0.06,-1.1,1.41,0.57,1.29,0.84,1991
0.12,0.95,0.45,-0.06,-1.1,1.29,0.58,1.28,0.75,1992
0.19,0.91,0.43,-0.15,-1.05,1.15,0.59,1.28,0.67,1993
0.31,0.88,0.41,-0.2,-0.94,1,0.59,1.29,0.6,1994
0.49,0.85,0.39,-0.23,-0.76,0.85,0.6,1.31,0.55,1995
0.22,0.83,0.37,-0.24,-0.55,0.69,0.6,1.33,0.52,1996
0.48,0.82,0.35,-0.23,-0.32,0.56,0.6,1.33,0.5,1997
0.66,0.82,0.34,-0.21,-0.07,0.44,0.6,1.3,0.49,1998
0.46,0.84,0.32,-0.2,0.17,0.37,0.6,1.24,0.49,1999
0.4,0.88,0.31,-0.19,0.39,0.34,0.6,1.13,0.5,2000
