"wage","educ","exper","race","smsa","ne","mw","so","we","pt"
771.6,18,18,0,1,1,0,0,0,0
617.28,15,20,0,1,0,0,0,1,0
957.83,16,9,0,1,0,0,1,0,0
617.28,12,24,0,1,1,0,0,0,0
902.18,14,12,0,1,0,1,0,0,0
299.15,12,33,0,1,0,0,0,1,0
541.31,16,42,0,1,0,0,1,0,1
148.39,16,0,0,1,0,1,0,0,1
273.19,12,36,0,1,0,0,0,1,1
666.67,12,37,0,0,0,1,0,0,0
241.5,9,20,1,1,0,0,1,0,1
703.79,14,29,0,1,0,0,1,0,0
550.81,17,16,0,0,1,0,0,0,0
807.22,14,21,0,1,0,0,0,1,1
712.25,14,11,0,0,0,1,0,0,0
351.46,10,10,0,1,0,0,0,1,0
373.24,12,8,0,0,0,0,1,0,0
759.73,13,19,0,1,0,0,1,0,0
356.13,14,6,0,1,1,0,0,0,0
308.64,16,0,0,1,0,0,1,0,0
469.14,6,24,0,0,0,0,1,0,0
617.28,16,-1,0,1,0,0,1,0,0
123.46,16,1,0,1,0,0,0,1,1
474.83,12,11,0,0,0,1,0,0,0
261.16,12,40,0,1,0,1,0,0,0
284.9,12,5,0,1,0,1,0,0,0
1661.92,12,15,0,1,0,0,0,1,0
629.15,12,44,0,1,1,0,0,0,0
2374.15,12,35,0,1,0,0,1,0,0
522.32,16,8,0,1,0,1,0,0,0
688.51,14,12,0,1,0,1,0,0,0
246.91,9,13,0,1,0,0,1,0,0
949.67,5,55,1,1,1,0,0,0,0
261.16,14,7,1,1,0,0,1,0,0
106.86,10,52,0,1,0,1,0,0,1
296.77,12,11,0,1,0,1,0,0,0
379.87,14,8,0,1,0,0,0,1,0
634.92,9,19,0,1,0,0,1,0,0
1182.03,12,45,0,1,0,1,0,0,0
740.74,12,9,0,1,0,1,0,0,0
237.42,10,12,1,1,0,0,1,0,0
144.03,12,0,0,1,1,0,0,0,0
406.96,14,11,0,0,1,0,0,0,0
351.61,9,10,0,0,0,1,0,0,0
593.54,12,10,0,1,1,0,0,0,0
273.03,14,4,0,1,0,0,0,1,0
997.15,12,44,0,1,0,0,0,1,0
1198.96,12,34,0,1,1,0,0,0,0
569.8,15,15,0,1,0,1,0,0,0
130.58,12,4,0,1,0,1,0,0,0
641.03,13,16,1,1,0,0,1,0,0
712.25,14,25,0,1,0,0,1,0,0
1073.12,16,8,0,1,1,0,0,0,0
712.25,16,13,0,1,0,0,0,1,0
261.16,12,35,0,1,0,1,0,0,0
783.48,16,4,0,1,0,1,0,0,0
197.53,12,8,1,1,0,0,1,0,1
720.16,12,28,1,1,0,0,0,1,0
593.54,14,18,0,1,0,1,0,0,0
1234.57,18,7,0,1,0,0,0,1,0
533.87,12,9,0,0,0,0,1,0,0
712.25,16,6,0,1,1,0,0,0,0
909.31,16,9,0,1,0,1,0,0,0
356.13,12,14,1,1,0,0,1,0,0
759.73,14,11,0,1,0,0,0,1,0
382.74,8,42,0,1,0,0,1,0,0
53.7,9,22,1,1,0,0,1,0,1
403.61,12,12,0,0,1,0,0,0,0
664.77,12,15,0,1,0,0,1,0,0
415.48,13,21,0,1,0,0,1,0,0
949.67,16,21,0,1,0,0,1,0,0
664.77,12,15,0,1,0,0,0,1,0
308.64,10,51,0,0,1,0,0,0,0
997.15,12,11,0,1,0,0,0,1,0
2374.15,18,27,0,1,1,0,0,0,0
259.73,12,1,0,0,0,0,1,0,0
641.03,13,27,0,0,1,0,0,0,0
411.52,12,11,0,1,0,1,0,0,0
379.87,12,23,1,1,0,1,0,0,0
231.48,16,11,0,1,1,0,0,0,0
142.45,12,4,0,0,0,1,0,0,0
503.7,11,6,0,0,0,1,0,0,0
94.59,14,4,0,1,0,1,0,0,1
1234.57,18,3,0,1,1,0,0,0,0
379.87,4,34,0,0,0,0,1,0,0
391.74,12,15,0,1,0,1,0,0,0
411.7,12,19,0,0,1,0,0,0,0
1068.38,14,31,0,1,0,0,1,0,0
123.46,15,-1,0,1,0,1,0,0,0
569.8,12,37,0,1,0,1,0,0,0
94.97,13,32,0,0,0,1,0,0,1
474.83,8,46,0,1,0,1,0,0,0
379.87,12,12,0,1,0,0,1,0,0
118.71,3,56,0,0,0,0,1,0,1
90.22,12,1,0,0,0,1,0,0,0
402.17,10,8,0,1,1,0,0,0,0
1344.78,16,12,0,1,0,0,1,0,0
474.83,16,27,0,1,0,0,0,1,0
356.13,9,45,0,1,0,0,0,1,0
197.53,12,2,0,1,0,0,0,1,0
949.67,11,19,1,1,1,0,0,0,0
531.81,18,11,0,0,0,1,0,0,1
522.32,12,16,0,0,0,0,1,0,0
356.13,18,32,0,1,0,1,0,0,0
949.67,12,35,0,1,0,0,0,1,0
902.18,18,14,0,1,0,0,1,0,0
1697.72,18,12,0,0,0,0,0,1,0
451.09,14,16,0,0,0,0,0,1,0
830.96,16,37,0,1,0,1,0,0,0
807.22,14,16,0,1,0,0,0,1,0
617.28,6,23,0,1,0,0,0,1,0
271.6,13,1,0,1,0,1,0,0,0
462.99,12,10,0,0,0,1,0,0,0
336.7,13,17,0,1,0,0,1,0,0
593.54,16,4,0,1,0,0,1,0,0
189.93,8,43,0,1,0,0,0,1,0
119.66,14,3,0,0,0,1,0,0,0
641.03,13,15,0,0,0,0,1,0,0
76.43,13,-1,0,1,1,0,0,0,1
493.83,14,0,0,1,1,0,0,0,0
679.01,16,23,0,0,0,0,1,0,0
308.64,10,10,0,1,0,0,1,0,0
130.58,12,11,0,1,0,0,0,1,1
56.79,14,0,0,0,1,0,0,0,1
1899.34,14,30,0,1,1,0,0,0,0
1316.87,12,15,0,0,0,0,0,1,0
830.96,18,0,0,1,1,0,0,0,0
784.69,14,15,0,0,0,0,0,1,0
1139.6,16,5,0,1,0,1,0,0,0
167.55,12,2,0,1,0,0,0,1,0
712.25,12,42,0,1,1,0,0,0,0
845.2,14,13,0,1,0,1,0,0,0
315.82,12,18,0,1,0,0,1,0,0
183.42,10,6,0,1,0,0,0,1,0
337.08,9,43,0,1,1,0,0,0,0
493.83,11,3,0,1,0,0,1,0,0
854.7,18,25,0,0,0,0,1,0,0
885.57,12,20,0,0,0,0,1,0,0
1033.01,18,3,0,0,0,0,0,1,0
403.61,13,5,0,1,1,0,0,0,0
522.32,16,7,0,1,0,1,0,0,0
197.53,12,19,1,1,0,0,1,0,0
308.64,12,4,0,1,0,1,0,0,0
521.94,12,42,0,0,0,0,0,1,0
367.74,16,8,0,1,1,0,0,0,0
236.42,12,13,0,1,1,0,0,0,0
569.8,8,36,0,1,1,0,0,0,0
641.03,16,16,0,1,0,1,0,0,0
783.48,16,10,0,1,0,0,0,1,0
189.93,15,-1,0,1,1,0,0,0,0
500.95,17,1,0,1,0,0,1,0,0
593.54,12,12,0,1,0,1,0,0,0
154.32,13,1,0,1,0,1,0,0,1
721.45,8,47,0,1,0,1,0,0,0
522.32,10,24,1,1,1,0,0,0,0
1234.57,14,21,0,1,0,1,0,0,0
123.46,16,9,0,1,0,0,0,1,1
546.06,12,21,0,0,0,0,1,0,0
1305.79,18,19,0,0,0,0,0,1,0
522.32,18,12,0,1,0,0,1,0,0
379.87,12,19,0,0,0,0,1,0,0
866.57,18,14,0,1,1,0,0,0,0
689.53,11,38,0,1,1,0,0,0,0
346.63,12,38,0,0,0,0,1,0,0
379.87,13,5,0,0,0,0,1,0,0
370.37,3,49,0,1,0,0,1,0,0
546.06,12,16,0,1,1,0,0,0,0
1305.79,12,18,0,1,0,1,0,0,0
498.58,12,17,0,0,1,0,0,0,0
241.21,12,0,0,0,1,0,0,0,0
195.46,12,5,1,1,1,0,0,0,0
160.49,12,21,1,1,0,0,1,0,0
470.09,12,25,0,1,0,0,0,1,0
415.48,12,40,0,0,0,0,1,0,0
830.96,12,27,0,0,1,0,0,0,0
668.47,14,21,0,1,0,0,0,1,0
997.15,18,6,0,1,1,0,0,0,0
1111.11,18,28,0,1,0,0,0,1,0
384.62,12,31,0,1,1,0,0,0,0
462.96,12,13,0,1,1,0,0,0,0
189.93,1,49,0,1,0,0,0,1,0
683.76,9,46,0,1,1,0,0,0,0
61.73,12,17,1,1,0,0,1,0,1
664.77,16,9,0,1,0,1,0,0,0
679.01,16,7,0,1,0,0,0,1,0
740.74,13,13,0,1,0,0,0,1,0
617.28,12,25,0,1,1,0,0,0,0
142.45,9,46,0,0,0,0,1,0,0
1264.13,18,36,0,1,0,1,0,0,0
830.96,12,25,0,1,0,1,0,0,0
747.86,16,12,0,1,0,0,1,0,0
284.9,12,9,0,1,0,0,1,0,0
1049.38,12,9,0,1,0,0,0,1,0
213.68,12,2,1,0,0,0,1,0,0
854.7,13,38,0,0,0,0,1,0,0
617.28,11,15,0,1,0,1,0,0,0
284.9,5,54,0,1,1,0,0,0,0
403.61,12,23,0,0,0,0,1,0,0
498.58,12,46,0,0,0,0,1,0,0
346.63,12,3,0,0,0,0,0,1,0
403.61,14,12,1,1,0,0,1,0,0
249.29,12,47,1,1,0,1,0,0,0
664.77,12,34,0,0,0,1,0,0,0
807.22,12,22,0,0,0,1,0,0,0
1412.63,18,14,0,1,1,0,0,0,0
807.22,10,27,0,0,0,1,0,0,0
902.18,14,16,0,1,0,0,1,0,0
98.77,13,-1,0,1,0,1,0,0,1
474.83,10,12,0,0,0,0,1,0,0
1020.89,13,42,0,1,1,0,0,0,0
830.96,12,16,0,1,0,0,0,1,0
830.96,18,29,0,0,0,0,1,0,0
569.8,15,21,0,0,0,0,0,1,0
1135.8,13,33,0,1,1,0,0,0,0
379.87,16,17,0,1,1,0,0,0,0
521.6,12,27,0,1,0,0,1,0,0
345.68,16,8,0,1,0,0,0,1,0
593.54,14,32,0,1,0,0,0,1,0
284.9,8,29,0,1,0,0,1,0,0
712.25,11,42,0,1,0,1,0,0,0
593.54,16,5,0,1,1,0,0,0,0
1103.4,12,40,0,1,0,1,0,0,0
199.12,13,3,0,0,0,0,0,1,0
142.45,12,0,0,1,0,0,0,1,0
641.03,18,4,0,1,1,0,0,0,0
261.16,13,7,0,0,0,0,1,0,0
474.83,16,4,0,1,0,0,1,0,0
641.03,14,20,0,1,0,0,1,0,0
607.05,7,41,0,0,1,0,0,0,0
427.35,12,44,1,1,0,0,1,0,0
1305.79,18,11,0,1,0,0,1,0,0
261.16,12,4,0,1,0,0,1,0,0
629.39,12,7,0,1,0,0,0,1,0
546.06,15,39,0,1,0,0,0,1,0
318.14,12,22,0,0,0,1,0,0,0
1258.31,18,6,0,1,0,0,1,0,0
664.77,12,19,0,1,0,1,0,0,0
363.25,18,12,0,0,0,0,0,1,0
322.89,13,10,0,0,0,0,1,0,0
597.27,13,18,0,1,0,0,0,1,0
323.34,16,8,0,1,0,0,0,1,0
402.85,16,8,0,1,0,1,0,0,0
522.32,12,14,0,1,0,1,0,0,0
517.57,11,24,0,1,1,0,0,0,0
664.77,8,43,0,1,0,1,0,0,0
581.67,12,28,0,1,0,1,0,0,0
493.83,16,18,0,1,1,0,0,0,0
296.3,9,8,0,1,0,0,0,1,0
92.59,11,1,1,0,0,0,1,0,1
325.26,12,3,0,1,0,0,1,0,0
320.51,15,1,0,1,0,1,0,0,0
197.41,12,0,0,1,0,1,0,0,1
226.76,10,12,1,0,0,0,1,0,0
1471.98,18,27,0,1,1,0,0,0,0
593.54,14,17,1,1,0,1,0,0,0
849.5,8,18,0,1,1,0,0,0,0
403.61,14,11,0,1,0,1,0,0,0
690.77,12,17,0,1,0,1,0,0,0
296.77,12,27,1,1,1,0,0,0,0
783.48,15,18,0,1,0,0,1,0,0
232.67,12,4,1,1,0,0,1,0,0
415.48,12,11,0,0,0,1,0,0,0
1210.83,12,30,0,0,0,1,0,0,0
874.49,12,21,0,1,1,0,0,0,0
830.96,9,30,0,1,0,0,1,0,0
356.13,12,11,0,1,0,0,1,0,0
546.06,18,11,0,1,0,0,0,1,0
1020.89,12,34,0,1,0,1,0,0,0
522.32,12,16,0,1,0,1,0,0,0
522.32,9,15,0,0,0,0,1,0,0
712.25,12,29,0,1,0,0,1,0,0
283.95,16,0,0,1,0,1,0,0,0
165.43,10,8,0,1,0,0,1,0,0
204.18,12,6,0,1,1,0,0,0,0
4264.87,16,16,0,1,0,0,0,1,0
422.36,12,42,1,1,0,0,1,0,0
443.44,12,14,0,0,0,1,0,0,0
997.15,12,31,0,1,0,0,1,0,0
474.83,12,15,0,1,0,1,0,0,0
717.77,16,13,0,1,0,1,0,0,0
925.93,18,16,0,1,0,0,0,1,0
1187.08,18,20,0,0,0,0,1,0,0
474.83,15,33,0,0,1,0,0,0,0
474.83,16,15,0,1,1,0,0,0,0
1258.31,18,16,0,1,0,1,0,0,0
237.42,12,4,0,1,0,0,0,1,0
830.96,18,36,0,0,0,1,0,0,0
466.39,14,34,0,0,0,0,1,0,0
154.32,18,2,0,1,0,0,1,0,1
498.58,12,44,0,1,1,0,0,0,0
308.64,16,12,0,1,1,0,0,0,0
375.31,12,4,0,1,0,1,0,0,0
498.58,11,12,0,1,1,0,0,0,0
123.46,12,4,0,0,0,1,0,0,0
432.1,12,6,0,0,1,0,0,0,0
92.59,12,7,0,1,1,0,0,0,1
474.83,12,5,0,1,0,0,0,1,0
546.06,14,7,0,1,0,0,1,0,0
246.91,12,11,0,1,0,0,0,1,0
474.83,11,25,0,1,0,0,0,1,0
427.35,13,12,0,0,0,1,0,0,0
593.54,16,10,0,0,0,1,0,0,0
949.67,16,28,0,1,1,0,0,0,0
540.12,12,4,0,1,1,0,0,0,0
391.74,16,3,0,0,0,1,0,0,0
275.96,8,39,0,1,1,0,0,0,0
347.22,14,0,0,1,0,0,0,1,0
237.42,12,42,0,1,0,0,0,1,0
144.75,10,6,0,1,0,0,0,1,0
978.16,14,21,0,1,0,0,1,0,0
444.44,13,14,0,0,0,1,0,0,0
186.71,18,4,0,0,0,1,0,0,1
918.38,9,16,0,1,1,0,0,0,0
305.34,12,28,0,0,0,0,1,0,0
1099.54,11,15,1,1,0,0,1,0,0
205.76,14,1,0,1,1,0,0,0,0
1006.5,18,27,0,1,0,0,1,0,0
335.48,10,5,0,1,0,0,1,0,0
949.67,12,23,0,1,1,0,0,0,0
427.35,12,2,0,1,1,0,0,0,0
1590.69,16,11,0,1,0,1,0,0,0
356.13,16,5,0,1,0,0,0,1,0
194.68,12,3,0,1,0,0,0,1,1
1077.44,13,23,0,0,0,0,0,1,0
332.38,12,4,0,1,0,0,1,0,0
546.06,13,14,0,1,0,0,1,0,0
522.32,12,38,0,0,1,0,0,0,0
1039.89,13,34,0,1,0,0,0,1,0
1780.63,14,33,0,1,1,0,0,0,0
434.43,12,19,0,1,0,1,0,0,0
760.78,16,20,0,1,0,0,0,1,0
1187.08,16,19,0,1,1,0,0,0,0
819.09,11,13,0,1,0,0,1,0,0
284.9,12,7,0,0,0,0,1,0,0
498.58,13,9,0,1,0,0,0,1,0
1187.08,11,35,0,1,0,0,0,1,0
474.83,12,33,0,1,0,0,1,0,0
451.09,12,32,1,1,0,0,1,0,0
949.67,16,13,0,1,1,0,0,0,0
1042.52,16,22,0,1,0,0,1,0,0
92.59,8,11,0,1,0,0,1,0,0
949.67,14,7,0,1,0,1,0,0,0
474.83,16,9,0,1,0,0,1,0,0
403.61,17,26,0,1,0,0,0,1,0
569.8,14,7,0,1,0,0,0,1,0
451.09,11,9,0,0,0,0,0,1,0
830.96,14,12,0,1,1,0,0,0,0
297.42,12,3,0,1,0,0,1,0,0
118.71,11,6,0,1,0,0,0,1,1
271.6,9,37,0,1,1,0,0,0,0
878.44,16,1,0,1,0,1,0,0,0
462.96,12,4,0,1,0,0,1,0,0
462.96,11,4,0,1,1,0,0,0,0
534.19,8,48,0,0,0,1,0,0,0
356.13,12,6,0,1,1,0,0,0,0
155.27,12,7,0,1,0,0,1,0,0
534.19,12,10,0,1,0,0,1,0,0
854.7,14,19,0,1,0,0,1,0,0
830.96,16,7,0,1,0,1,0,0,0
949.67,18,5,0,1,0,0,1,0,0
641.03,12,9,0,1,1,0,0,0,0
835.45,10,41,0,1,0,0,0,1,0
308.64,13,3,0,0,0,1,0,0,0
712.25,13,11,0,1,0,0,1,0,0
812.32,12,17,0,0,0,0,0,1,0
555.56,12,5,1,1,1,0,0,0,0
2374.15,12,5,1,0,0,0,1,0,0
61.73,13,0,0,0,0,0,1,0,1
664.77,12,19,0,0,0,0,1,0,0
474.83,17,2,0,1,0,0,1,0,0
668.85,10,48,0,0,0,1,0,0,1
470.37,12,25,1,1,0,0,1,0,0
189.93,16,0,0,1,0,0,1,0,1
237.42,3,39,0,1,0,0,1,0,0
830.96,12,27,0,1,0,1,0,0,0
180.44,15,-1,0,1,0,1,0,0,0
397.81,13,2,0,1,0,0,0,1,0
617.28,16,45,0,1,0,0,0,1,1
474.83,10,24,0,1,1,0,0,0,0
1234.57,13,23,0,1,1,0,0,0,0
1733.14,16,26,0,1,1,0,0,0,0
593.54,12,9,0,1,1,0,0,0,0
379.87,7,29,0,1,0,0,1,0,0
498.58,12,13,0,1,0,0,0,1,0
653.59,16,36,0,0,1,0,0,0,0
712.25,14,27,0,1,0,0,1,0,0
344.25,6,15,0,1,0,1,0,0,0
883.71,12,22,0,1,1,0,0,0,0
356.13,16,9,0,1,1,0,0,0,0
451.09,12,37,0,1,1,0,0,0,0
506.49,12,11,0,1,0,0,1,0,0
1092.12,18,3,0,1,0,0,1,0,0
522.32,11,12,0,0,0,1,0,0,0
474.83,18,18,0,1,0,0,1,0,0
231.48,12,8,0,0,0,1,0,0,0
470.09,16,9,0,0,0,0,1,0,0
56.98,14,0,0,0,0,1,0,0,1
181.28,18,37,0,1,1,0,0,0,1
1080.25,16,3,0,0,0,0,0,1,0
474.83,12,10,0,1,0,0,1,0,0
189.93,13,1,0,0,1,0,0,0,0
514.4,12,42,0,1,0,1,0,0,0
370.37,12,22,1,1,0,0,0,1,0
496.11,12,13,0,0,0,1,0,0,0
345.68,12,8,0,1,0,0,0,1,0
451.09,12,3,0,0,1,0,0,0,0
878.44,16,16,1,1,0,1,0,0,0
227.92,12,15,0,0,0,1,0,0,0
188.46,16,28,0,0,0,1,0,0,0
1020.89,13,21,0,0,0,1,0,0,0
284.9,12,5,0,1,0,0,1,0,0
391.74,12,43,0,1,1,0,0,0,0
854.7,14,34,0,1,1,0,0,0,0
688.51,12,20,0,0,0,0,1,0,0
854.7,12,28,0,1,1,0,0,0,0
277.78,12,36,0,1,1,0,0,0,0
593.54,12,17,0,0,0,1,0,0,0
514.4,12,36,0,1,0,1,0,0,0
1497.13,16,23,0,1,0,1,0,0,0
902.18,18,7,0,1,0,0,0,1,0
532.56,12,13,0,1,0,0,0,1,0
252.53,9,15,0,0,0,0,1,0,0
296.77,7,37,1,1,0,0,1,0,0
408.36,11,16,1,1,0,0,1,0,0
498.58,14,24,0,1,1,0,0,0,0
892.59,13,0,0,0,0,0,0,1,0
403.61,13,14,0,0,1,0,0,0,0
408.73,12,4,0,1,1,0,0,0,0
2374.15,17,23,0,0,0,0,0,1,0
668.23,12,17,0,1,0,0,0,1,0
354.94,12,16,0,0,0,0,0,1,0
78.56,14,0,0,0,1,0,0,0,1
493.83,12,10,0,1,0,0,0,1,0
455.84,12,23,0,1,0,0,0,1,0
389.36,12,6,0,0,1,0,0,0,0
474.43,12,13,0,1,1,0,0,0,0
474.83,12,13,0,0,0,0,0,1,0
522.32,12,5,0,1,1,0,0,0,0
353.75,15,14,0,1,0,0,0,1,0
308.64,16,0,0,1,0,0,0,1,0
783.48,12,12,0,0,0,0,0,1,0
254.04,13,12,0,1,0,1,0,0,0
90.22,18,44,1,1,0,1,0,0,1
121.91,12,7,1,0,0,0,1,0,0
759.73,17,18,0,1,0,0,1,0,0
1220.77,14,38,0,1,0,0,1,0,0
246.91,4,36,0,1,1,0,0,0,0
712.25,13,7,0,0,0,0,0,1,0
987.65,17,4,0,1,1,0,0,0,1
356.13,4,28,0,1,0,0,0,1,0
664.77,14,33,0,0,0,0,0,1,0
451.09,12,7,0,0,1,0,0,0,0
313.63,14,17,0,1,0,1,0,0,0
386.99,12,18,0,1,0,1,0,0,0
356.13,15,15,0,1,1,0,0,0,0
149,13,1,0,1,0,0,1,0,0
474.83,14,7,0,1,0,1,0,0,0
617.28,16,3,0,1,0,0,1,0,0
188.27,15,31,0,0,0,1,0,0,1
664.77,14,26,0,1,0,1,0,0,0
735.99,12,18,0,1,1,0,0,0,0
498.58,14,4,0,1,1,0,0,0,0
557.12,12,12,0,0,0,1,0,0,0
506.49,15,4,0,1,1,0,0,0,0
308.64,12,3,0,1,1,0,0,0,0
411.52,16,4,0,1,0,0,0,1,0
688.51,12,25,0,0,0,0,0,1,0
782.38,9,36,0,1,0,1,0,0,0
439.22,10,24,0,0,1,0,0,0,0
388.01,13,5,0,1,0,1,0,0,1
664.77,14,9,0,1,0,0,0,1,0
216.05,12,6,0,1,0,0,1,0,0
1068.38,16,13,1,1,1,0,0,0,0
759.73,10,48,0,1,1,0,0,0,0
295.22,12,2,0,1,0,0,1,0,0
522.32,12,8,0,1,1,0,0,0,0
949.67,16,40,0,1,0,1,0,0,0
807.22,12,26,0,1,0,0,0,1,0
830.96,12,14,0,1,0,1,0,0,0
498.58,12,23,0,1,0,0,1,0,0
604.69,18,24,0,1,0,0,1,0,0
804.84,5,21,0,1,0,0,0,1,0
121.08,13,-1,0,1,0,1,0,0,1
142.45,6,11,0,1,0,0,1,0,0
349.79,12,48,0,1,0,0,1,0,0
335.1,12,0,0,1,0,0,1,0,0
949.67,13,31,0,1,0,1,0,0,0
427.35,14,23,0,1,0,0,1,0,0
1424.5,17,26,0,1,1,0,0,0,0
641.03,16,13,0,1,0,0,1,0,0
1282.05,12,43,0,1,0,0,0,1,0
522.32,12,3,0,1,1,0,0,0,0
569.8,14,36,0,0,0,0,0,1,0
664.77,13,30,0,1,0,0,0,1,0
1246.44,12,28,0,1,0,0,0,1,0
251.42,11,10,0,1,0,0,0,1,0
630.03,18,16,0,0,0,0,0,1,0
1140.74,16,13,0,1,0,0,0,1,0
232.39,11,13,0,0,1,0,0,0,0
351.38,12,14,0,1,1,0,0,0,0
1092.12,13,15,0,1,0,0,0,1,0
712.25,12,21,0,1,0,1,0,0,0
1115.86,18,14,0,1,0,0,0,1,0
617.28,12,39,0,1,0,0,1,0,0
1187.08,16,35,0,1,1,0,0,0,0
796.3,12,22,0,1,1,0,0,0,0
902.18,13,20,0,1,0,1,0,0,0
1519.47,18,16,0,1,1,0,0,0,0
712.25,12,9,1,1,0,0,1,0,0
795.35,16,10,0,1,0,0,0,1,0
973.41,14,20,0,0,0,0,0,1,0
664.77,8,38,0,0,0,0,1,0,0
284.9,18,5,0,1,0,1,0,0,0
712.25,12,35,0,0,0,0,1,0,0
1068.38,12,30,0,0,0,1,0,0,0
981.32,15,36,0,0,0,1,0,0,0
757.58,12,15,0,0,1,0,0,0,1
949.67,13,10,0,1,0,0,1,0,0
213.68,12,33,0,1,0,1,0,0,0
284.9,14,4,0,1,0,0,1,0,0
284.9,16,16,0,1,1,0,0,0,0
830.96,12,16,0,1,1,0,0,0,0
395.69,13,9,1,1,0,1,0,0,0
185.19,10,11,0,1,1,0,0,0,0
641.03,16,37,0,0,0,1,0,0,0
2184.24,16,23,0,1,0,0,1,0,0
807.22,12,46,0,1,0,1,0,0,0
830.96,18,20,0,0,0,0,0,1,0
617.28,12,32,0,0,0,0,0,1,0
830.96,13,22,0,1,0,1,0,0,0
290.93,4,32,0,0,0,0,0,1,0
1044.63,18,7,0,1,0,1,0,0,0
537.51,16,11,0,1,0,1,0,0,0
165.43,13,5,0,1,1,0,0,0,0
712.25,10,36,0,0,0,0,0,1,0
687.83,13,36,0,1,0,0,1,0,0
332.38,12,41,1,0,0,0,1,0,0
522.32,16,3,0,1,1,0,0,0,0
164.81,4,58,1,1,0,1,0,0,1
498.58,13,6,0,1,0,0,1,0,0
1025.64,12,20,0,1,0,0,1,0,0
453.99,12,16,0,0,0,0,0,1,0
255.34,16,8,0,1,0,1,0,0,0
617.28,12,6,0,1,1,0,0,0,0
320.99,16,8,0,1,0,1,0,0,0
1068.38,17,31,0,1,0,0,0,1,0
1234.57,16,18,0,1,0,0,1,0,0
854.7,12,45,0,1,1,0,0,0,0
489.16,16,39,1,0,0,0,1,0,0
709.62,10,30,0,1,0,0,1,0,0
854.7,12,33,0,0,0,1,0,0,0
783.48,12,22,0,0,0,1,0,0,0
288.07,14,48,0,1,1,0,0,0,0
498.58,14,5,0,1,0,0,1,0,0
2374.15,16,25,0,0,0,1,0,0,0
2374.15,18,13,0,1,0,0,1,0,0
764.48,13,14,0,1,0,0,0,1,0
735.99,16,7,0,1,1,0,0,0,0
282.92,16,7,0,0,0,0,0,1,0
712.25,10,38,0,1,0,1,0,0,0
1424.5,16,31,0,1,0,0,1,0,0
1068.38,14,50,0,1,1,0,0,0,0
997.15,12,16,0,1,0,0,1,0,0
123.46,14,-1,0,0,0,1,0,0,1
332.38,14,11,0,1,1,0,0,0,0
676.64,12,19,0,1,0,0,0,1,0
641.03,12,22,0,0,0,0,1,0,0
664.77,12,20,1,1,0,0,1,0,0
1543.21,16,14,0,1,1,0,0,0,0
411.52,12,6,0,1,0,0,0,1,0
264.55,14,3,0,0,0,0,0,1,0
949.67,13,23,0,1,0,1,0,0,0
498.58,12,29,0,1,0,0,1,0,0
381.43,16,4,0,1,0,1,0,0,1
2374.15,16,21,0,1,0,0,1,0,0
399.29,16,4,0,0,0,0,0,1,0
593.54,14,18,0,1,1,0,0,0,0
712.25,18,13,0,1,1,0,0,0,0
65.43,17,-1,0,1,0,0,0,1,1
997.15,12,17,0,1,1,0,0,0,0
759.73,12,7,0,1,1,0,0,0,0
441.05,12,38,0,1,0,0,1,0,0
1780.63,11,39,0,1,0,0,1,0,0
949.67,18,36,0,1,1,0,0,0,0
295.31,10,47,1,1,0,0,1,0,0
179.63,12,1,0,1,0,0,1,0,0
1424.5,14,27,0,1,0,1,0,0,0
935.92,16,30,0,1,0,1,0,0,0
759.73,12,29,0,0,0,1,0,0,0
712.25,12,21,0,1,0,0,0,1,0
664.77,12,24,0,1,1,0,0,0,0
1471.98,17,16,0,1,0,0,1,0,0
250.47,6,48,0,1,1,0,0,0,0
356.13,8,10,0,1,0,1,0,0,0
740.74,9,46,0,1,0,0,1,0,0
835,16,18,0,1,0,1,0,0,0
422.1,12,6,0,0,0,1,0,0,0
795.35,14,8,0,1,0,0,1,0,0
735.99,12,21,0,1,0,0,1,0,0
522.32,18,31,0,1,0,1,0,0,0
674.26,16,9,0,1,0,1,0,0,0
619.66,16,15,0,0,1,0,0,0,0
356.13,12,3,0,1,0,1,0,0,0
474.83,12,11,0,1,0,1,0,0,0
617.28,18,17,0,1,0,0,0,1,0
546.06,12,29,0,0,0,1,0,0,0
747.86,16,7,0,1,0,1,0,0,0
712.25,9,29,0,0,0,1,0,0,0
997.15,18,11,0,1,0,0,1,0,0
284.9,18,3,0,0,0,1,0,0,0
130.58,18,38,0,0,0,1,0,0,0
555.56,12,26,0,0,1,0,0,0,0
308.64,13,20,0,0,0,1,0,0,1
842.1,14,17,0,1,0,1,0,0,0
1151.47,13,20,0,1,0,0,1,0,0
854.7,12,8,0,0,1,0,0,0,0
712.25,16,6,0,1,0,0,1,0,0
135.03,12,4,0,1,1,0,0,0,1
444.44,12,17,0,0,0,0,1,0,0
657.64,12,10,0,1,0,1,0,0,0
845.68,12,28,0,1,0,0,1,0,0
973.41,16,18,0,1,0,0,1,0,0
1187.08,16,19,0,1,0,0,0,1,0
830.96,13,18,0,1,0,0,1,0,0
593.54,12,21,0,1,1,0,0,0,0
2160.49,14,27,0,1,0,0,0,1,0
949.67,14,15,0,1,0,0,0,1,0
522.32,17,10,0,1,0,0,1,0,0
329.3,13,33,0,0,0,1,0,0,0
1020.89,16,20,0,1,0,1,0,0,0
474.83,18,6,0,1,0,0,0,1,0
664.77,13,32,0,1,0,1,0,0,0
359.26,12,11,0,1,1,0,0,0,0
610.16,12,25,0,1,0,1,0,0,0
230.29,14,25,0,0,0,1,0,0,1
427.35,13,13,0,1,0,0,1,0,0
830.96,16,8,0,1,1,0,0,0,0
329.22,12,8,0,0,0,0,1,0,0
806.27,12,26,0,1,0,0,0,1,0
377.91,16,23,0,1,1,0,0,0,0
284.9,10,12,1,1,0,0,1,0,0
339.51,15,2,0,1,1,0,0,0,0
142.11,15,44,0,0,0,0,1,0,1
569.8,8,38,0,1,1,0,0,0,0
156.89,13,-1,0,1,1,0,0,0,1
776.09,14,11,0,1,1,0,0,0,0
1044.63,18,28,0,1,1,0,0,0,0
688.51,11,26,1,1,0,0,1,0,0
2374.15,16,20,0,1,0,0,0,1,0
195.47,16,0,0,0,0,0,1,0,0
123.46,10,7,0,1,1,0,0,0,1
308.64,14,17,0,1,0,0,1,0,0
593.54,13,26,0,1,0,1,0,0,0
641.03,12,34,0,1,0,1,0,0,0
356.13,17,4,0,1,0,0,1,0,1
356.13,16,3,0,1,1,0,0,0,1
443.97,9,26,0,0,0,0,1,0,0
474.83,12,14,0,0,0,1,0,0,0
308.64,8,24,1,1,1,0,0,0,0
353.75,8,24,0,1,1,0,0,0,0
676.07,7,43,0,1,0,0,1,0,0
438.4,14,10,0,1,0,0,1,0,0
902.18,14,23,0,1,0,0,1,0,0
498.58,12,26,0,1,0,0,0,1,0
1044.63,12,15,0,0,0,0,1,0,0
299.15,16,11,0,1,0,0,0,1,0
712.25,18,5,0,1,1,0,0,0,0
165.43,12,5,0,0,0,0,0,1,0
108.02,9,3,1,1,1,0,0,0,1
176.92,13,18,0,0,0,0,0,1,0
949.67,16,25,0,1,0,0,1,0,0
1661.92,18,18,0,1,1,0,0,0,0
667.14,17,11,0,0,0,1,0,0,0
1068.38,17,18,0,1,0,1,0,0,0
1329.53,18,13,0,1,0,0,1,0,0
152.09,12,11,0,0,0,0,1,0,0
783.48,18,10,0,0,0,1,0,0,0
885.38,18,28,0,1,0,0,1,0,0
847.25,9,27,0,1,0,0,0,1,0
617.28,10,44,0,1,1,0,0,0,0
308.95,13,33,0,1,1,0,0,0,0
159.1,0,27,0,0,0,0,0,1,0
1377.02,18,32,0,1,0,0,1,0,0
878.44,12,42,0,1,0,1,0,0,0
246.91,13,37,0,1,1,0,0,0,1
1068.38,16,20,0,1,1,0,0,0,0
257,17,-1,0,1,0,0,1,0,1
997.15,12,20,0,1,0,1,0,0,0
346.63,15,10,0,1,1,0,0,0,0
699.26,12,37,0,0,0,1,0,0,0
973.41,15,14,0,0,0,0,0,1,0
274.35,12,0,0,1,1,0,0,0,0
1187.08,18,32,0,1,0,1,0,0,0
189.93,0,54,0,1,0,0,0,1,0
222.22,10,13,1,0,0,0,1,0,0
452.97,12,10,0,1,0,1,0,0,0
878.44,12,21,1,1,0,1,0,0,0
712.25,18,4,0,0,0,1,0,0,0
625.66,16,14,1,1,0,0,1,0,0
593.54,14,22,1,1,0,1,0,0,0
557.93,14,6,0,1,0,0,1,0,0
341.17,12,9,0,0,0,1,0,0,0
854.7,12,25,0,1,0,0,0,1,0
712.25,15,39,0,1,1,0,0,0,0
272.11,10,19,0,1,0,0,0,1,0
783.48,12,40,1,1,0,0,1,0,0
418.8,18,26,0,0,0,0,1,0,0
370.37,13,23,0,1,0,0,0,1,0
308.64,12,24,1,0,0,0,1,0,0
664.77,12,13,0,1,0,0,1,0,0
237.42,11,18,1,0,0,0,1,0,0
245.27,12,45,0,1,0,1,0,0,1
347.22,14,35,0,1,0,0,1,0,0
586.42,12,12,0,1,0,1,0,0,0
195.47,12,12,0,1,0,1,0,0,0
973.41,12,34,0,1,0,1,0,0,0
197.53,13,16,1,1,1,0,0,0,0
493.83,14,3,0,1,1,0,0,0,0
593.54,16,3,0,1,1,0,0,0,0
944.28,12,20,0,1,0,0,0,1,0
902.18,16,18,0,0,0,1,0,0,0
474.83,12,10,0,1,1,0,0,0,0
237.42,12,16,0,1,1,0,0,0,0
481.96,18,24,0,1,1,0,0,0,0
688.51,16,9,0,1,1,0,0,0,0
123.46,12,8,0,1,0,0,0,1,0
403.61,12,4,0,1,0,1,0,0,0
474.83,9,14,0,1,0,0,0,1,0
474.83,12,37,0,0,0,0,1,0,0
2314.81,18,29,0,1,0,0,0,1,0
586.42,12,11,0,1,0,0,0,1,0
427.35,13,29,0,1,0,0,0,1,0
238.68,16,-1,0,1,0,1,0,0,0
949.67,17,12,0,1,1,0,0,0,0
1661.92,18,39,0,1,0,0,0,1,0
284.9,12,14,0,0,0,0,1,0,0
688.51,15,15,0,1,0,0,1,0,0
284.9,12,8,0,1,1,0,0,0,0
522.32,14,17,0,1,0,1,0,0,0
370.37,2,41,0,1,0,1,0,0,0
231.48,12,46,0,1,1,0,0,0,0
469.14,12,36,0,1,0,1,0,0,0
379.87,12,43,0,1,0,0,1,0,0
1579.1,18,23,0,1,1,0,0,0,0
593.54,12,15,0,0,0,0,1,0,0
2374.15,18,8,0,1,1,0,0,0,0
783.48,8,44,0,1,0,1,0,0,0
962.96,12,31,0,0,0,0,0,1,0
246.91,10,11,0,1,1,0,0,0,0
522.32,12,28,1,1,0,0,1,0,0
300.59,18,7,0,1,0,0,1,0,0
356.13,11,33,0,1,0,0,1,0,0
770.09,16,28,0,1,0,1,0,0,0
241.66,12,15,0,1,1,0,0,0,0
1187.08,18,9,0,1,0,0,1,0,0
867.59,13,19,0,1,0,1,0,0,0
277.62,18,33,0,1,1,0,0,0,1
274.69,17,7,0,1,1,0,0,0,0
949.67,16,24,0,1,1,0,0,0,0
65.1,18,30,0,1,0,1,0,0,1
451.09,12,13,0,1,0,1,0,0,0
427.99,12,9,0,1,1,0,0,0,0
771.6,16,45,0,1,1,0,0,0,1
830.96,15,11,0,1,1,0,0,0,0
461.35,12,12,0,1,0,0,1,0,0
664.77,12,21,0,0,0,1,0,0,0
211.59,11,9,0,0,0,1,0,0,0
617.28,17,3,0,1,0,0,1,0,0
1529.79,14,46,0,0,0,0,0,1,0
973.41,12,31,0,1,0,0,1,0,0
546.06,16,35,0,1,0,0,1,0,0
2018.04,16,35,0,1,0,1,0,0,0
332.38,14,12,0,1,0,0,0,1,0
1115.86,12,6,0,1,0,1,0,0,0
54.61,13,0,0,0,1,0,0,0,1
712.25,18,17,0,1,0,1,0,0,0
1163.34,14,30,0,1,0,0,0,1,0
462.96,12,30,0,1,1,0,0,0,0
106.08,14,0,0,0,0,0,1,0,1
118.71,16,6,0,1,1,0,0,0,0
593.4,12,23,0,1,0,1,0,0,0
474.83,12,0,0,1,1,0,0,0,0
206.87,12,10,0,0,0,1,0,0,0
548.88,14,32,0,1,0,0,1,0,0
202.78,12,1,0,1,0,0,1,0,0
1329.53,18,9,0,1,0,0,0,1,0
284.9,12,3,0,0,0,1,0,0,0
561.17,12,3,0,1,1,0,0,0,0
174.9,14,0,0,0,0,1,0,0,1
427.35,15,3,1,1,1,0,0,0,0
1210.83,18,13,0,1,1,0,0,0,0
712.25,16,18,0,1,0,0,1,0,0
308.64,9,45,0,0,0,0,1,0,0
165.43,12,0,0,0,0,0,0,1,0
593.54,18,1,0,0,0,1,0,0,0
370.37,16,26,1,1,1,0,0,0,0
98.77,8,40,0,1,1,0,0,0,0
824.28,15,11,0,1,1,0,0,0,0
949.67,12,38,0,0,1,0,0,0,0
451.09,11,23,0,0,0,0,0,1,0
712.25,18,3,0,1,0,1,0,0,0
807.22,16,41,0,1,1,0,0,0,0
130.1,14,20,0,1,1,0,0,0,1
379.87,12,9,0,0,1,0,0,0,0
1377.02,16,37,0,1,0,1,0,0,0
284.9,14,2,0,0,0,0,1,0,0
522.32,12,14,0,1,0,1,0,0,0
462.96,12,1,0,1,0,0,1,0,0
949.67,11,45,0,1,1,0,0,0,0
199.43,16,47,0,1,0,0,1,0,1
832.72,18,25,0,1,0,0,1,0,0
1746.03,12,14,0,1,0,0,0,1,1
949.67,16,15,0,1,0,0,1,0,0
641.03,13,12,0,1,0,0,0,1,0
320.51,12,39,0,1,1,0,0,0,0
254.18,9,15,0,0,0,0,1,0,0
1851.85,17,14,0,1,1,0,0,0,0
712.25,18,44,0,1,1,0,0,0,0
712.25,11,36,0,1,0,0,1,0,0
474.83,18,0,0,0,1,0,0,0,0
759.73,12,23,0,1,0,0,0,1,0
949.67,9,40,0,1,0,0,1,0,0
266.17,12,4,0,0,1,0,0,0,0
270.06,16,2,0,1,0,0,1,0,0
154.32,11,10,0,1,0,0,0,1,0
591.14,14,11,0,1,0,1,0,0,0
759.73,12,42,0,0,1,0,0,0,0
687.56,15,46,0,1,0,0,1,0,0
451.09,15,4,0,0,0,0,1,0,0
221.5,12,6,0,0,0,0,0,1,0
807.22,16,3,0,1,0,0,0,1,0
522.32,16,15,0,1,0,1,0,0,0
1115.86,15,18,1,1,0,0,1,0,0
593.54,13,24,0,1,0,0,1,0,0
61.73,12,47,0,1,1,0,0,0,1
1424.5,16,7,0,1,0,0,0,1,0
379.87,13,5,0,1,0,1,0,0,0
697.8,12,33,0,1,0,0,1,0,0
2374.15,12,23,0,1,0,0,1,0,0
617.28,9,33,0,1,1,0,0,0,0
712.25,14,10,0,1,0,0,1,0,0
712.25,12,21,1,1,0,0,0,1,0
226.27,16,37,0,1,0,0,0,1,1
244.44,12,2,0,0,0,0,1,0,0
645.77,14,39,1,1,0,0,1,0,1
284.9,12,7,0,0,0,1,0,0,0
379.87,12,6,0,1,0,0,1,0,0
474.83,16,34,0,1,1,0,0,0,0
498.58,12,15,0,1,0,1,0,0,0
474.83,12,26,0,1,1,0,0,0,0
712.25,16,9,1,0,0,0,1,0,0
664.77,12,36,0,1,0,1,0,0,0
569.8,12,33,0,0,0,0,0,1,0
99.72,12,47,0,0,0,0,1,0,1
586.42,9,21,0,1,1,0,0,0,0
712.25,12,38,0,0,0,0,1,0,0
474.83,12,7,0,1,0,0,0,1,0
363.25,12,5,0,1,1,0,0,0,0
593.54,12,18,0,1,0,0,0,1,0
1346.15,18,34,0,1,0,0,1,0,0
712.25,13,17,0,0,0,1,0,0,0
142.45,16,-1,0,0,0,0,0,1,1
415.48,12,11,0,1,0,0,0,1,0
400.26,0,52,0,1,0,0,1,0,0
522.32,16,5,0,1,1,0,0,0,0
284.9,12,2,0,1,0,1,0,0,0
569.8,16,4,0,1,0,0,1,0,0
569.8,13,17,0,1,0,1,0,0,0
165.43,12,9,0,1,0,1,0,0,0
246.91,16,0,0,0,0,0,1,0,1
166.19,12,17,0,1,0,0,1,0,0
514.4,10,13,0,1,0,0,1,0,0
391.74,14,33,0,1,0,0,0,1,0
965.5,10,29,0,0,0,1,0,0,0
688.51,18,-1,0,1,0,0,1,0,0
167.76,12,5,0,1,0,1,0,0,0
246.91,6,37,0,1,0,0,0,1,0
471.88,16,10,1,1,0,0,0,1,0
474.83,12,14,0,0,1,0,0,0,0
665.95,7,28,0,0,0,0,1,0,0
356.13,11,32,0,0,0,1,0,0,0
902.18,9,40,0,1,1,0,0,0,0
356.13,12,5,0,1,1,0,0,0,0
396.49,12,14,0,1,0,1,0,0,0
237.04,13,42,0,0,0,0,0,1,0
513.46,12,12,0,0,1,0,0,0,0
81.93,14,-1,0,1,1,0,0,0,1
1020.89,14,16,0,1,0,1,0,0,0
409.77,14,4,0,0,0,0,0,1,0
617.28,14,28,0,0,0,0,0,1,0
546.06,14,3,0,0,1,0,0,0,0
404.28,12,8,0,0,0,0,0,1,0
516.55,12,9,0,0,1,0,0,0,0
830.96,16,25,0,1,0,0,1,0,0
403.61,13,5,0,1,0,0,0,1,0
456.25,14,22,1,1,0,0,1,0,0
617.28,8,45,0,1,0,0,0,1,0
284.9,16,29,0,0,0,0,1,0,0
189.93,4,25,0,1,0,0,0,1,0
664.77,14,23,0,1,0,0,1,0,0
200,16,-1,0,1,0,0,1,0,0
355.13,12,25,0,0,0,0,1,0,0
617.28,18,22,0,1,0,0,1,0,0
759.73,16,13,0,1,0,1,0,0,0
1234.57,16,18,0,1,0,0,1,0,0
830.96,12,11,0,1,0,1,0,0,0
1305.79,13,22,0,0,0,1,0,0,0
641.98,10,23,0,1,0,0,1,0,0
498.58,12,19,0,1,1,0,0,0,0
233.2,18,5,0,1,0,1,0,0,1
679.01,18,20,0,0,0,1,0,0,0
332.38,14,38,0,1,0,0,0,1,0
878.44,14,27,0,1,1,0,0,0,0
664.77,16,27,1,1,0,0,1,0,0
593.54,12,27,0,1,1,0,0,0,0
629.15,14,9,0,0,0,0,0,1,0
237.42,12,11,0,0,0,0,1,0,1
1163.34,13,13,0,1,0,1,0,0,0
106.84,12,1,1,1,1,0,0,0,0
403.61,12,35,0,1,1,0,0,0,0
664.77,16,8,0,1,0,0,1,0,0
617.28,12,17,0,1,0,1,0,0,0
554.04,12,35,0,1,0,0,0,1,0
593.54,8,38,0,1,0,1,0,0,0
403.61,13,12,0,1,1,0,0,0,0
1234.57,13,14,0,1,0,1,0,0,0
1092.12,16,18,0,1,1,0,0,0,0
2374.15,18,33,0,1,0,0,0,1,0
593.54,12,10,1,1,0,1,0,0,0
512.46,12,14,0,0,0,0,0,1,0
411.52,16,7,0,1,0,0,1,0,0
584.05,12,14,0,1,1,0,0,0,0
403.61,18,17,0,1,0,0,0,1,0
237.42,14,48,0,1,0,1,0,0,0
949.67,13,15,0,1,0,1,0,0,0
177.78,11,3,0,0,0,0,1,0,0
284.9,12,24,0,0,0,0,0,1,0
204.18,11,9,0,0,0,0,0,1,1
809.59,16,15,0,0,0,0,0,1,0
394.11,9,42,0,1,0,1,0,0,0
569.8,10,22,1,1,0,0,1,0,0
403.61,13,8,0,1,0,1,0,0,0
216.76,12,4,0,0,0,0,1,0,0
287.16,16,9,0,1,0,0,0,1,1
676.64,12,11,0,1,0,0,1,0,0
1187.08,17,25,0,1,0,0,1,0,0
265.91,7,19,0,1,0,0,0,1,0
902.18,12,38,0,1,1,0,0,0,0
641.03,10,48,1,1,1,0,0,0,0
830.96,17,9,0,1,1,0,0,0,0
617.28,12,26,0,1,0,1,0,0,0
830.96,10,39,0,1,0,0,1,0,0
997.15,14,20,0,0,1,0,0,0,0
96.19,12,0,0,1,0,0,0,1,0
491.45,14,6,0,1,0,1,0,0,0
234.31,14,6,0,1,0,1,0,0,1
249.29,12,10,1,1,0,0,1,0,0
1056.51,12,40,0,1,0,0,0,1,0
735.99,16,10,0,0,0,0,0,1,0
830.96,14,7,0,1,0,0,1,0,0
77.78,8,52,0,0,0,1,0,0,1
1410.93,12,24,0,1,0,0,0,1,0
1543.21,16,8,0,1,0,0,0,1,0
676.64,16,14,0,0,0,0,1,0,0
498.58,16,42,0,1,1,0,0,0,0
484.14,12,21,0,1,1,0,0,0,0
1329.53,17,21,0,1,0,0,0,1,0
957.38,12,13,0,1,1,0,0,0,0
379.87,18,11,0,1,0,1,0,0,0
282.92,12,10,0,0,0,0,0,1,0
261.16,12,6,0,1,0,0,1,0,0
903.37,18,13,0,1,0,0,1,0,0
308.64,0,47,1,1,0,0,1,0,0
949.67,12,14,0,0,0,0,1,0,0
474.83,18,10,0,1,0,0,1,0,0
807.22,14,17,0,0,0,1,0,0,0
142.45,6,24,0,1,0,0,1,0,0
364.2,12,11,0,0,0,1,0,0,0
94.97,8,47,0,1,1,0,0,0,1
474.83,13,7,0,1,0,1,0,0,0
130.58,13,0,1,1,0,1,0,0,0
237.42,12,29,0,0,0,1,0,0,0
83.1,8,55,1,1,1,0,0,0,1
154.32,6,43,0,1,0,0,1,0,1
1780.63,18,23,0,1,1,0,0,0,0
473.87,12,31,0,0,0,1,0,0,0
52.23,14,0,1,1,0,0,1,0,1
1239.17,14,39,0,1,0,0,1,0,0
446.13,12,43,0,1,1,0,0,0,0
1175.78,18,28,0,1,1,0,0,0,0
919.36,9,33,0,1,1,0,0,0,0
66.14,12,0,0,1,0,1,0,0,1
1187.08,16,23,0,1,0,1,0,0,0
569.8,17,19,0,1,0,0,1,0,0
484.33,14,15,0,1,0,0,0,1,0
246.91,12,10,0,1,0,1,0,0,0
783.48,16,15,0,1,0,0,1,0,0
427.35,13,19,0,0,0,1,0,0,0
569.8,12,22,0,1,1,0,0,0,0
724.12,17,10,0,1,0,0,1,0,0
522.32,12,16,0,0,0,1,0,0,0
59.35,17,13,0,1,1,0,0,0,0
461.4,9,31,0,0,1,0,0,0,0
1092.12,12,25,1,1,0,1,0,0,0
284.9,9,15,0,1,0,0,0,1,0
356.13,16,2,0,1,0,0,1,0,0
830.96,14,9,1,1,0,0,1,0,0
712.25,17,4,0,0,0,0,0,1,0
474.83,16,18,0,0,1,0,0,0,0
308.64,12,3,0,0,0,0,1,0,0
308.64,12,9,1,0,0,0,1,0,0
569.8,12,8,0,1,1,0,0,0,0
569.8,9,43,0,0,1,0,0,0,0
1899.34,16,7,0,0,0,1,0,0,0
1566.95,18,24,0,0,0,0,0,1,0
67.34,13,37,0,1,0,0,1,0,0
498.48,12,26,1,1,1,0,0,0,0
296.3,18,10,0,1,0,0,0,1,1
92.59,12,8,1,1,0,1,0,0,0
284.9,12,3,0,1,1,0,0,0,0
300.66,10,3,0,0,0,0,1,0,0
448.72,12,7,0,0,0,0,0,1,0
754.75,12,21,0,1,0,1,0,0,0
1020.89,14,23,0,0,1,0,0,0,0
830.96,12,15,0,1,0,0,0,1,0
129.07,12,27,0,0,0,0,1,0,1
451.09,12,20,0,1,0,0,1,0,0
498.58,12,19,0,1,0,1,0,0,0
143.87,12,0,0,1,0,0,1,0,1
1424.5,16,26,0,1,0,0,0,1,0
593.54,12,5,0,1,0,1,0,0,0
641.03,12,14,0,1,0,0,1,0,0
5144.03,0,18,0,1,1,0,0,0,0
1068.38,12,7,0,1,0,1,0,0,0
830.96,11,39,0,1,0,0,1,0,0
232,14,1,0,0,0,0,0,1,0
697.7,12,12,0,1,0,0,0,1,0
252.53,12,27,0,1,1,0,0,0,0
277.78,8,28,0,1,0,0,1,0,1
546.06,12,12,0,1,1,0,0,0,0
740.74,8,38,0,1,0,0,1,0,0
795.35,8,44,0,1,1,0,0,0,0
401.23,11,26,1,0,0,0,1,0,0
602.23,15,7,0,1,0,0,0,1,0
543.21,12,11,1,1,0,0,1,0,0
522.32,16,16,0,1,0,0,1,0,0
681.43,12,28,0,1,0,1,0,0,0
749.03,16,29,0,1,0,0,0,1,0
830.96,14,10,0,1,1,0,0,0,0
424.79,12,22,0,0,0,0,0,1,0
613.3,12,12,0,1,0,1,0,0,0
427.35,11,32,0,1,0,0,1,0,0
421.56,12,9,0,1,0,0,1,0,0
759.73,16,11,1,1,0,0,1,0,0
79.37,11,1,0,1,0,0,0,1,1
198.05,12,4,0,1,0,1,0,0,0
569.8,12,18,1,1,0,0,1,0,0
458.55,14,11,0,1,0,0,1,0,1
449.64,12,41,0,1,0,0,1,0,0
472.59,12,25,0,0,0,0,1,0,0
629.15,12,10,0,0,0,1,0,0,0
641.03,12,8,0,0,0,0,0,1,0
181.62,11,3,0,1,0,0,0,1,0
759.73,12,19,0,1,1,0,0,0,0
874.49,12,19,0,0,0,1,0,0,0
617.28,12,10,0,1,0,0,1,0,0
508.07,18,3,0,1,0,0,1,0,0
395.06,0,42,0,1,0,0,1,0,0
228.3,16,10,0,1,0,0,0,1,0
536.77,10,14,0,1,0,1,0,0,0
474.83,15,5,0,1,0,0,1,0,0
830.96,12,7,0,1,1,0,0,0,0
403.61,12,11,0,1,1,0,0,0,0
902.18,12,42,0,1,0,0,1,0,0
1334.67,18,29,0,1,0,0,0,1,0
498.58,12,7,0,1,0,0,1,0,0
498.58,8,47,0,1,0,0,0,1,0
427.35,14,28,0,1,0,0,1,0,0
94.97,10,53,0,0,0,0,1,0,1
1266.22,12,42,0,1,0,1,0,0,0
1004.53,14,25,0,1,0,1,0,0,0
627.36,11,21,0,1,0,1,0,0,0
384.62,12,34,0,1,0,0,1,0,0
238.37,12,12,0,1,0,0,0,1,0
427.35,14,39,0,0,0,0,1,0,0
688.51,16,9,0,1,0,1,0,0,0
296.77,12,17,0,0,0,0,1,0,0
498.58,8,29,0,1,0,0,1,0,0
474.83,16,9,0,1,1,0,0,0,0
427.35,12,9,0,1,0,1,0,0,0
617.28,18,15,0,1,0,1,0,0,0
403.61,12,8,0,1,0,1,0,0,0
59.35,15,1,0,1,0,1,0,0,1
1234.57,16,24,0,1,0,0,1,0,0
676.64,14,24,0,1,0,0,1,0,0
937.32,17,21,0,0,0,0,1,0,0
338.32,13,9,0,0,1,0,0,0,0
2374.15,18,10,0,1,1,0,0,0,0
641.03,12,8,0,0,0,0,1,0,0
377.93,12,9,1,1,0,0,1,0,0
308.64,13,35,0,0,0,1,0,0,0
275.12,10,47,0,0,0,0,1,0,0
393.95,12,47,0,1,1,0,0,0,0
205.76,15,0,0,1,0,1,0,0,0
356.13,12,31,0,1,1,0,0,0,0
472.46,12,16,0,1,0,1,0,0,0
394.33,12,2,0,1,0,0,1,0,0
328.22,12,12,0,1,0,0,0,1,0
388.62,18,6,0,1,1,0,0,0,0
427.35,12,5,0,0,0,0,0,1,0
137.17,15,2,0,0,0,1,0,0,1
356.13,13,4,0,1,0,0,1,0,0
61.73,18,33,0,1,0,0,1,0,1
1068.38,18,16,0,1,0,0,1,0,0
261.16,12,4,0,1,0,0,0,1,0
466.62,14,26,1,1,0,0,1,0,0
427.35,18,36,0,1,1,0,0,0,0
593.54,16,6,0,1,0,0,1,0,0
807.22,16,47,0,1,0,1,0,0,0
925.93,12,27,0,0,0,0,0,1,0
759.73,14,25,0,1,1,0,0,0,0
211.64,12,22,0,1,0,0,1,0,0
86.42,18,35,0,1,0,0,0,1,1
123.46,18,-1,0,1,1,0,0,0,1
462.96,17,6,0,1,0,0,0,1,0
142.45,3,19,0,0,0,0,0,1,0
783.48,12,31,0,1,1,0,0,0,0
634.43,18,2,0,1,0,0,1,0,0
148.15,10,8,0,1,0,0,0,1,0
296.3,8,20,0,1,0,0,1,0,0
169.55,15,1,0,1,1,0,0,0,1
2374.15,18,7,0,1,0,1,0,0,0
439.22,8,26,0,1,0,0,1,0,0
200.62,12,0,0,1,0,0,1,0,0
284.9,13,0,0,1,0,0,1,0,1
166.19,13,0,0,1,0,0,0,1,1
332.38,11,30,0,0,0,1,0,0,0
712.25,12,11,0,1,0,0,0,1,0
712.25,12,29,0,1,1,0,0,0,0
593.54,12,19,1,0,0,0,1,0,0
735.99,14,19,0,1,0,0,0,1,0
332.38,4,54,1,1,0,0,1,0,0
403.61,12,7,0,1,0,1,0,0,0
356.13,12,13,0,1,0,0,1,0,0
759.73,12,40,0,0,0,0,1,0,0
394.11,12,10,0,0,0,1,0,0,0
467.71,18,22,0,1,0,0,1,0,0
669.52,16,6,0,1,1,0,0,0,0
617.28,15,-1,0,1,1,0,0,0,0
925.93,12,26,0,1,0,0,0,1,0
641.03,11,32,1,1,0,0,1,0,0
735.99,12,9,0,1,0,0,1,0,0
220.16,13,6,0,1,0,0,1,0,0
985.28,14,23,1,1,0,0,1,0,0
1068.38,18,37,0,1,0,1,0,0,0
546.06,15,10,0,1,0,0,0,1,0
189.93,12,1,0,1,1,0,0,0,0
1139.6,18,12,0,1,0,0,1,0,0
664.77,13,7,0,1,0,0,1,0,0
1120.09,12,18,0,1,0,1,0,0,0
308.64,16,5,0,1,0,0,0,1,0
759.73,12,12,0,1,0,1,0,0,0
74.07,12,0,0,1,1,0,0,0,0
474.83,12,33,0,1,0,0,0,1,0
427.35,12,16,0,0,0,0,0,1,0
1424.5,16,29,0,1,0,0,0,1,0
2362.44,16,17,0,1,0,0,1,0,0
641.03,12,9,0,1,0,0,1,0,0
254.51,13,6,0,0,0,1,0,0,0
503.91,7,44,1,1,0,0,1,0,0
407.17,16,10,1,1,0,1,0,0,0
522.32,15,4,0,1,0,0,0,1,1
356.13,12,10,0,1,0,0,1,0,0
1187.08,18,19,0,0,0,0,1,0,0
308.64,13,1,0,0,0,0,1,0,0
259.26,12,2,0,1,0,0,1,0,1
277.78,16,5,0,0,0,0,0,1,0
740.74,12,21,0,1,0,0,1,0,0
641.03,16,14,0,1,1,0,0,0,0
474.83,16,4,0,1,1,0,0,0,0
1139.6,12,25,0,1,0,1,0,0,0
437.24,17,5,0,1,1,0,0,0,0
191.36,9,7,0,0,0,0,1,0,0
712.25,12,32,1,1,0,0,1,0,0
105.62,12,11,0,0,0,0,1,0,1
705.13,13,21,0,1,0,1,0,0,0
1137.1,16,30,0,1,1,0,0,0,0
747.86,13,4,0,1,0,0,1,0,0
284.9,14,11,0,1,0,0,0,1,0
830.96,12,43,0,1,1,0,0,0,0
493.83,16,18,0,1,0,1,0,0,0
474.83,12,8,1,0,0,0,1,0,0
271.6,15,-1,0,1,0,0,1,0,1
569.8,13,0,0,1,1,0,0,0,0
439.22,18,26,0,1,0,1,0,0,0
641.03,14,17,0,1,1,0,0,0,0
197.53,11,1,0,1,1,0,0,0,0
166.19,10,3,0,1,0,0,0,1,0
1234.57,18,32,0,1,1,0,0,0,0
617.28,10,47,0,1,0,0,1,0,0
612.54,16,19,0,1,0,0,0,1,0
940.74,12,33,0,1,0,0,0,1,0
2374.15,16,13,0,1,0,0,0,1,0
154.32,14,11,0,1,0,0,0,1,0
1115.86,15,16,0,0,0,0,0,1,0
475.02,12,7,0,1,0,1,0,0,0
1234.57,12,26,0,1,1,0,0,0,0
2207.98,16,15,0,1,0,1,0,0,0
237.42,16,0,1,0,0,0,1,0,1
189.93,13,2,0,1,0,0,0,1,0
246.91,15,-1,0,1,0,0,1,0,1
380.62,18,7,0,1,0,0,0,1,0
546.06,14,6,0,1,0,1,0,0,0
807.22,18,18,0,1,0,1,0,0,0
830.96,12,7,0,1,1,0,0,0,0
315.76,12,20,0,1,0,0,1,0,0
617.28,11,38,0,1,1,0,0,0,0
237.42,12,38,1,1,0,0,1,0,0
641.03,12,19,0,1,0,1,0,0,0
324.79,9,16,0,1,0,0,1,0,0
524.69,14,5,0,0,0,0,0,1,0
878.44,18,13,0,1,0,0,0,1,0
1068.38,18,13,0,1,1,0,0,0,0
636.28,12,23,0,1,0,0,0,1,0
296.3,15,41,0,1,0,0,0,1,1
98.77,4,52,0,1,0,0,1,0,1
1092.12,18,21,0,1,0,0,0,1,0
73.6,16,34,0,1,1,0,0,0,0
246.91,11,17,0,0,0,1,0,0,1
197.17,3,25,0,1,0,0,0,1,0
593.54,11,13,0,1,1,0,0,0,0
522.32,18,11,0,1,0,0,1,0,0
788.75,16,26,0,0,0,0,1,0,0
522.32,11,46,0,1,1,0,0,0,0
522.32,12,17,0,1,1,0,0,0,0
284.9,12,16,1,0,0,0,1,0,0
284.9,10,9,0,0,0,0,0,1,0
641.03,12,30,0,0,0,0,1,0,0
416.84,12,20,0,1,0,0,1,0,0
71.23,14,-1,0,0,0,0,0,1,1
617.28,12,1,0,1,0,0,1,0,0
415.48,14,13,0,0,0,0,1,0,0
1305.79,18,13,0,1,0,0,1,0,0
617.28,16,18,0,0,0,0,1,0,0
308.64,11,20,0,0,0,1,0,0,1
617.28,12,47,0,0,0,0,1,0,0
284.9,8,51,0,1,1,0,0,0,0
327.52,14,5,0,0,0,0,1,0,0
688.51,12,37,1,1,0,1,0,0,0
1020.89,16,25,0,1,1,0,0,0,0
593.54,12,23,0,0,1,0,0,0,0
341.88,12,25,0,0,1,0,0,0,0
474.83,15,7,0,1,0,0,0,1,0
902.18,18,12,0,1,0,0,1,0,0
902.18,14,12,0,0,0,0,0,1,0
617.28,14,8,0,1,0,0,0,1,0
728.87,18,17,0,0,0,1,0,0,0
144.44,15,0,0,1,1,0,0,0,1
676.64,16,5,0,1,0,1,0,0,0
391.74,16,11,0,0,0,0,0,1,0
1282.05,15,25,0,1,1,0,0,0,0
427.35,8,37,0,1,0,1,0,0,0
906.93,18,29,0,1,0,1,0,0,0
712.25,15,9,0,1,1,0,0,0,0
1661.92,18,11,0,1,0,0,0,1,0
104.46,14,8,0,1,1,0,0,0,0
759.73,16,14,0,1,0,0,1,0,0
427.35,12,14,0,1,1,0,0,0,0
779.73,12,31,0,1,0,0,1,0,0
764.48,12,11,0,1,0,1,0,0,0
190.8,11,44,0,0,0,0,0,1,1
308.64,12,31,0,0,0,0,1,0,0
540.12,8,42,0,1,0,0,1,0,0
617.28,14,3,0,1,0,1,0,0,0
919.36,12,34,0,0,0,0,1,0,0
451.09,9,53,1,1,0,0,1,0,0
254.04,12,3,1,1,0,0,1,0,0
712.25,12,42,0,1,1,0,0,0,0
569.8,12,8,0,1,0,1,0,0,0
768.18,12,11,0,1,0,1,0,0,0
1055.89,12,24,0,1,0,1,0,0,0
854.7,12,24,0,1,1,0,0,0,0
420.88,10,11,0,1,0,0,0,1,0
664.77,14,7,0,1,1,0,0,0,0
237.42,12,7,0,1,1,0,0,0,1
735.99,16,10,0,1,1,0,0,0,0
735.99,16,38,0,0,0,0,1,0,0
830.96,12,43,0,1,0,1,0,0,0
759.73,10,27,1,1,0,0,1,0,0
370.37,14,17,0,1,0,0,0,1,0
403.61,13,25,0,1,0,0,0,1,0
118.71,13,2,0,1,1,0,0,0,0
1187.08,12,14,0,1,0,0,0,1,0
569.8,7,30,0,0,0,0,1,0,0
720.94,9,42,0,1,0,1,0,0,0
384.62,12,4,1,1,0,0,1,0,0
807.22,12,39,0,1,0,0,1,0,0
123.46,12,1,1,0,0,0,1,0,1
760.45,13,26,1,1,1,0,0,0,0
109.21,12,2,0,1,0,1,0,0,1
100.78,13,0,0,1,0,0,1,0,1
288.07,12,48,0,1,0,0,0,1,1
878.44,12,13,0,0,0,1,0,0,0
266.67,12,4,0,1,0,1,0,0,0
183.39,12,28,0,0,0,0,0,1,1
284.9,9,19,0,1,0,1,0,0,0
320.51,13,5,0,1,0,1,0,0,0
522.32,12,40,0,1,1,0,0,0,0
216.05,13,10,0,0,0,0,1,0,0
232.67,12,12,1,1,0,0,1,0,0
414.01,13,25,0,0,0,0,0,1,0
664.77,13,26,0,1,0,0,0,1,0
717,15,11,0,1,0,0,1,0,0
493.83,18,19,1,1,0,0,1,0,1
189.93,16,-1,0,1,0,0,1,0,0
411.52,12,43,0,1,0,0,1,0,0
427.98,14,0,0,1,0,1,0,0,1
652.9,12,39,0,1,0,0,1,0,0
368,12,39,0,1,0,0,1,0,0
1187.08,18,17,0,0,0,0,0,1,0
379.87,13,2,0,0,0,0,0,1,0
225.13,11,7,0,1,1,0,0,0,0
641.03,16,1,0,1,0,0,0,1,0
284.9,16,8,0,1,0,0,0,1,0
717.77,12,4,0,1,0,1,0,0,0
154.32,13,0,0,1,0,0,1,0,0
641.03,18,30,0,1,0,1,0,0,0
199.43,16,4,1,0,0,0,1,0,0
555.56,12,14,0,0,0,0,1,0,0
240.55,8,15,0,0,1,0,0,0,0
205.76,4,28,0,1,0,0,0,1,0
203.75,16,7,0,1,0,0,1,0,1
522.32,16,9,0,1,1,0,0,0,0
797.65,12,30,0,1,1,0,0,0,0
569.8,18,24,0,1,0,1,0,0,0
498.58,13,15,0,1,0,1,0,0,0
1742.92,12,19,0,1,0,1,0,0,0
237.42,12,28,0,0,0,1,0,0,0
403.61,12,11,0,0,1,0,0,0,0
63.24,17,9,0,1,0,0,0,1,0
249.29,13,2,0,1,0,0,1,0,0
399.42,12,5,0,0,0,1,0,0,0
142.45,5,16,0,1,0,0,0,1,0
128.6,15,-2,0,1,0,1,0,0,1
154.32,9,32,0,0,0,0,1,0,0
1187.08,14,24,0,1,0,0,1,0,0
284.9,14,14,0,1,0,0,1,0,1
79.77,8,49,0,0,1,0,0,0,1
944.92,16,9,0,1,0,0,1,0,0
498.46,18,10,0,1,0,0,1,0,0
830.96,16,3,0,1,0,0,0,1,0
427.35,13,13,0,0,0,0,1,0,0
1092.12,18,19,0,1,0,0,1,0,0
287.11,12,6,0,1,0,0,1,0,0
1041.98,8,52,0,1,0,1,0,0,0
92.59,12,0,0,1,0,0,0,1,1
286.42,7,57,0,1,0,0,1,0,0
197.53,6,14,0,1,0,0,0,1,0
830.96,13,23,0,1,0,0,1,0,0
925.93,18,33,0,1,0,1,0,0,0
94.97,9,10,0,0,0,0,1,0,0
160.49,11,2,0,1,0,0,1,0,0
343.36,15,6,0,0,0,1,0,0,0
253.24,12,6,0,1,0,0,1,0,0
367.9,9,41,0,1,0,0,0,1,0
1068.38,17,15,0,1,1,0,0,0,0
593.54,12,20,0,1,0,1,0,0,0
213.68,5,10,0,1,0,0,1,0,0
1044.63,12,42,0,1,1,0,0,0,0
284.9,16,2,0,1,1,0,0,0,1
65.65,12,11,0,0,0,0,1,0,0
280.58,13,1,0,1,1,0,0,0,0
50.39,18,6,0,1,0,0,1,0,1
712.25,14,21,0,1,0,0,1,0,0
498.58,12,13,0,0,0,0,1,0,0
296.3,18,10,0,1,0,1,0,0,0
712.25,13,31,1,1,0,1,0,0,0
216.05,15,0,0,1,0,0,0,1,0
1150.39,11,45,0,1,0,1,0,0,0
593.54,16,41,0,1,1,0,0,0,0
237.42,10,15,0,1,0,0,1,0,0
997.15,10,37,0,1,0,0,1,0,0
68.59,14,1,0,1,1,0,0,0,0
261.16,16,1,0,1,1,0,0,0,1
166.19,18,25,0,1,0,0,1,0,0
498.58,11,43,1,1,1,0,0,0,0
77.16,14,0,0,1,0,1,0,0,1
301.52,10,35,0,0,0,0,1,0,0
569.8,12,13,0,0,0,0,1,0,0
474.83,16,25,0,1,0,0,0,1,0
536.56,12,18,0,1,0,1,0,0,0
427.35,12,12,0,0,1,0,0,0,0
192.04,12,1,1,1,0,0,1,0,0
1780.63,18,21,0,1,0,0,0,1,0
256.79,12,21,1,1,0,0,1,0,0
356.13,12,16,0,1,0,1,0,0,0
246.91,12,11,0,1,1,0,0,0,0
1251.89,12,38,0,1,0,1,0,0,0
1187.08,15,19,0,0,0,0,0,1,0
488.19,12,24,0,0,0,1,0,0,0
1543.21,17,36,0,1,0,0,0,1,0
148.15,17,2,0,1,0,0,0,1,1
84.28,8,25,0,1,0,0,1,0,1
284.9,7,50,0,1,0,0,1,0,0
589.21,11,23,0,1,0,0,0,1,0
730.58,12,31,0,0,0,0,0,1,0
1661.92,18,17,0,1,0,1,0,0,0
1032.76,13,23,0,1,0,0,0,1,0
1139.6,18,16,0,1,0,1,0,0,0
795.35,15,27,0,1,0,0,1,0,0
2374.15,18,19,0,1,0,0,0,1,0
427.35,12,3,0,1,0,0,0,1,0
666.67,18,4,0,1,1,0,0,0,0
308.64,14,7,0,1,0,0,1,0,0
493.83,5,40,0,1,0,0,0,1,0
104.3,4,36,0,1,0,1,0,0,0
949.67,16,9,0,1,0,0,0,1,0
591.93,12,40,0,1,0,0,1,0,0
444.44,12,14,0,1,1,0,0,0,0
759.73,12,33,0,1,0,0,0,1,0
237.42,17,12,0,1,0,0,1,0,0
356.13,13,1,1,1,0,0,1,0,0
949.67,17,17,0,0,1,0,0,0,0
474.83,12,18,0,1,0,0,0,1,0
567.71,12,12,0,1,0,0,1,0,0
546.06,12,16,0,1,0,0,0,1,0
152.51,13,-1,0,0,0,0,0,1,0
740.74,18,13,0,1,0,1,0,0,0
1899.34,16,23,0,1,1,0,0,0,0
246.91,18,4,0,1,1,0,0,0,1
543.54,12,11,0,1,1,0,0,0,0
1044.63,13,35,0,0,0,0,1,0,0
370.37,12,12,0,1,0,0,0,1,0
338.9,8,12,0,1,1,0,0,0,0
83.1,16,3,0,0,0,1,0,0,1
735.99,12,16,1,1,0,0,0,1,0
112.35,15,2,0,1,0,0,0,1,1
1474.03,18,33,0,1,0,0,1,0,0
220.46,12,1,0,0,0,1,0,0,0
759.73,14,24,0,1,1,0,0,0,0
67.02,12,5,0,1,0,1,0,0,0
949.67,13,26,0,1,1,0,0,0,0
356.13,10,30,1,0,0,0,1,0,0
1020.89,16,16,1,1,0,1,0,0,0
404.04,16,7,0,1,0,0,0,1,1
126.61,13,7,1,1,0,0,0,1,0
832.62,18,19,0,1,0,0,1,0,0
617.28,12,45,0,1,0,0,0,1,0
712.25,15,12,0,0,0,0,1,0,0
712.25,12,16,0,1,1,0,0,0,0
92.59,11,1,0,1,0,0,0,1,0
973.41,18,23,0,1,1,0,0,0,0
432.1,12,25,1,1,0,0,1,0,0
987.65,16,5,0,1,0,1,0,0,0
177.78,12,14,0,0,0,1,0,0,0
617.28,12,23,0,1,0,1,0,0,0
237.42,14,33,0,1,0,1,0,0,0
493.83,15,8,0,1,1,0,0,0,0
284.9,11,7,0,1,0,0,0,1,0
451.09,12,12,0,1,0,1,0,0,0
349.79,15,46,0,0,0,0,0,1,0
353.21,15,9,0,0,0,0,1,0,0
1780.63,15,22,0,1,0,0,1,0,0
498.58,12,7,0,1,0,1,0,0,0
664.77,12,37,0,1,1,0,0,0,0
237.42,10,10,0,1,0,0,0,1,0
1187.08,14,32,1,1,0,0,0,1,0
284.9,7,35,0,0,0,0,1,0,0
474.83,14,18,0,0,0,1,0,0,0
783.48,14,39,0,1,0,0,1,0,0
629.15,16,11,0,1,1,0,0,0,0
213.99,12,1,0,1,0,0,1,0,1
389.08,12,8,0,0,0,0,1,0,0
284.59,13,13,1,1,0,0,0,1,0
503.21,12,16,0,0,0,1,0,0,0
1187.08,7,33,0,1,1,0,0,0,0
142.45,12,50,0,0,0,1,0,0,1
949.67,16,25,0,1,0,1,0,0,0
333.57,18,2,0,1,0,1,0,0,0
251.4,12,6,0,0,1,0,0,0,0
189.93,12,12,1,1,0,0,1,0,0
493.83,14,17,0,1,0,1,0,0,0
830.96,14,17,0,0,0,0,0,1,0
959.88,16,5,0,1,0,0,1,0,0
807.22,16,3,0,1,0,1,0,0,0
759.73,12,13,0,0,0,0,1,0,0
474.83,12,23,0,0,0,0,1,0,0
1020.89,11,29,0,1,0,1,0,0,0
498.58,16,2,0,1,0,0,1,0,0
356.13,14,9,0,1,0,0,1,0,0
61.73,17,-1,0,0,0,1,0,0,1
160.18,6,20,0,1,0,0,1,0,0
493.83,12,3,0,1,0,0,1,0,0
1305.79,16,45,0,1,0,0,1,0,0
830.96,13,32,0,1,0,0,1,0,0
527.07,14,14,0,1,0,0,1,0,0
220.8,10,11,0,1,0,0,0,1,0
712.25,11,27,0,0,0,0,1,0,0
955.79,15,22,0,1,0,1,0,0,0
686.04,12,7,0,1,0,0,1,0,0
688.51,12,20,0,1,1,0,0,0,0
436.85,16,26,0,1,0,0,0,1,0
664.77,10,9,0,0,0,0,1,0,0
1780.63,18,5,0,1,0,0,0,1,0
356.13,14,5,1,1,0,0,1,0,0
664.77,16,6,0,1,0,0,0,1,0
569.8,6,19,0,1,0,0,0,1,0
391.74,16,11,0,1,0,1,0,0,0
284.9,12,8,0,1,0,0,1,0,0
71.23,13,28,0,0,0,1,0,0,0
1139.6,18,11,0,1,0,0,1,0,0
194.44,1,16,0,0,0,0,1,0,0
522.32,12,25,0,1,0,1,0,0,0
451.09,17,5,0,0,0,0,1,0,0
293.4,12,5,0,1,1,0,0,0,0
237.42,12,4,0,1,0,0,0,1,0
617.28,12,12,0,1,0,0,0,1,0
563.77,12,42,0,1,0,0,1,0,0
522.32,15,5,0,1,0,1,0,0,0
581.67,14,13,0,0,0,0,1,0,0
546.06,9,28,0,0,0,0,0,1,0
593.54,12,37,0,0,0,1,0,0,0
522.32,11,45,1,1,1,0,0,0,0
1234.57,18,15,0,0,0,0,0,1,0
130.41,12,38,0,0,0,1,0,0,0
1139.6,14,34,0,1,0,0,0,1,0
284.9,12,27,1,1,0,0,0,1,0
735.99,16,12,0,1,0,1,0,0,0
356.13,12,12,0,0,0,0,1,0,0
985.28,14,44,0,0,0,0,1,0,0
790.36,12,30,0,0,0,1,0,0,0
830.96,10,34,0,1,0,0,1,0,0
356.13,15,9,0,1,1,0,0,0,0
372.84,4,24,1,0,0,0,1,0,0
403.61,12,10,0,1,1,0,0,0,0
227.02,15,0,0,1,0,0,0,1,1
108.02,13,0,1,1,0,0,1,0,1
284.9,16,0,0,0,0,1,0,0,1
356.13,0,54,0,1,0,0,1,0,0
403.61,14,13,1,1,0,0,1,0,0
911.68,14,10,0,1,0,0,1,0,0
617.28,12,8,0,1,0,0,0,1,0
1384.57,18,21,0,1,0,0,1,0,0
593.54,14,19,0,0,0,0,0,1,0
712.25,13,13,0,0,1,0,0,0,0
460.39,16,12,0,1,0,0,1,0,0
546.06,16,7,0,1,0,0,0,1,0
688.51,16,6,0,1,0,0,1,0,0
1187.08,15,18,0,0,0,0,0,1,0
345.68,16,22,0,0,0,0,0,1,1
123.46,11,49,0,0,0,0,1,0,1
709.88,12,16,0,1,0,1,0,0,0
382.19,12,15,0,0,0,0,1,0,0
641.03,18,32,0,1,0,0,1,0,0
256.41,12,25,0,0,0,1,0,0,0
442.83,12,8,0,0,0,1,0,0,0
213.68,2,51,0,0,0,0,1,0,0
166.19,14,18,0,0,0,1,0,0,0
237.42,6,28,0,1,0,0,0,1,0
415.48,12,14,0,0,0,1,0,0,0
415.48,12,22,0,0,0,1,0,0,0
1092.12,16,5,0,1,1,0,0,0,0
109.19,14,-1,0,1,1,0,0,0,1
347.79,12,13,0,0,0,1,0,0,0
403.61,16,15,0,1,0,0,1,0,0
451.09,12,43,0,1,0,1,0,0,0
712.25,11,31,0,1,0,0,0,1,0
1377.02,18,13,0,1,0,1,0,0,0
293.21,10,31,0,1,0,1,0,0,0
427.35,13,39,0,1,0,0,0,1,0
3283.95,10,10,0,1,0,0,0,1,1
304.8,12,10,0,1,0,0,1,0,0
451.09,11,14,0,1,0,1,0,0,0
380.34,11,21,0,1,0,1,0,0,0
2374.15,18,17,0,1,1,0,0,0,0
7716.05,3,59,0,1,0,0,1,0,1
830.96,12,29,0,1,0,0,0,1,0
123.46,12,42,0,1,0,0,0,1,1
1899.34,9,36,0,1,0,0,0,1,0
833.74,13,35,0,1,0,0,1,0,0
370.37,12,7,0,1,0,0,0,1,0
74.51,14,-2,0,1,1,0,0,0,1
830.96,7,26,0,1,0,0,0,1,0
199.43,2,15,0,1,0,0,0,1,0
324.38,12,10,0,1,1,0,0,0,0
408.36,12,5,0,1,0,0,1,0,0
810.47,12,13,0,1,1,0,0,0,0
237.42,16,8,0,0,0,0,1,0,0
733.88,12,31,0,0,0,0,1,0,0
185.19,10,5,0,0,0,0,1,0,0
237.42,12,13,0,1,1,0,0,0,0
118.64,15,7,0,0,0,1,0,0,1
308.64,14,9,0,1,1,0,0,0,0
1899.34,15,21,0,1,0,0,0,1,0
1056.51,18,18,0,1,0,1,0,0,0
197.22,16,0,0,1,0,0,1,0,1
261.16,16,4,0,1,0,1,0,0,1
664.77,15,12,0,1,1,0,0,0,0
73.6,14,13,0,1,0,1,0,0,1
688.51,12,8,0,0,0,1,0,0,0
284.9,9,19,0,1,0,1,0,0,0
213.68,12,10,0,1,0,0,0,1,0
593.54,14,27,0,0,0,0,0,1,0
515.62,12,8,0,1,1,0,0,0,0
474.83,12,6,0,1,1,0,0,0,0
741.41,14,14,0,0,1,0,0,0,0
712.25,10,20,0,1,0,1,0,0,0
592.59,12,10,1,1,0,1,0,0,0
427.35,12,12,0,0,1,0,0,0,0
185.19,9,13,0,0,0,0,1,0,0
712.25,13,26,0,1,0,0,1,0,0
392.82,15,14,0,0,0,0,0,1,1
182.72,12,2,0,0,0,1,0,0,0
1333.33,13,27,0,1,0,0,1,0,0
165.43,14,10,0,1,0,0,1,0,0
308.64,9,8,0,1,0,1,0,0,0
735.99,15,17,0,1,0,0,0,1,0
830.96,12,39,0,1,0,0,0,1,0
712.25,12,31,0,1,0,1,0,0,0
106.84,12,1,0,0,0,1,0,0,1
256.17,7,41,0,1,0,0,1,0,0
997.15,15,33,0,1,0,0,1,0,0
225.55,12,27,1,1,0,1,0,0,0
1068.38,12,15,1,1,0,0,0,1,0
691.36,13,4,0,0,0,0,1,0,0
426.16,12,8,0,0,0,0,1,0,0
664.77,11,32,1,1,0,1,0,0,0
617.28,10,15,1,0,0,0,1,0,0
767.08,16,22,0,1,0,1,0,0,0
474.83,12,8,0,1,0,1,0,0,0
712.25,15,15,1,1,0,1,0,0,0
709.88,12,16,0,0,0,1,0,0,0
356.05,12,22,1,0,0,0,1,0,0
82.3,12,4,1,1,0,1,0,0,1
237.42,16,7,0,1,0,0,0,1,0
949.67,16,43,0,1,0,1,0,0,0
493.83,14,0,0,0,1,0,0,0,0
735.99,14,17,1,0,1,0,0,0,0
973.41,12,28,0,1,0,0,0,1,0
498.58,16,4,0,1,0,0,0,1,0
308.64,7,48,0,1,0,0,1,0,0
961.54,18,28,0,1,0,0,1,0,0
462.96,12,13,0,1,1,0,0,0,0
830.96,18,10,0,1,0,1,0,0,0
1115.86,18,27,1,1,0,0,1,0,0
393.4,7,48,0,0,0,0,1,0,0
465.8,18,0,0,1,0,1,0,0,0
261.16,16,6,0,1,0,1,0,0,0
416.67,11,9,0,1,0,0,1,0,0
892.92,12,45,0,1,0,0,0,1,0
757.36,12,43,0,1,1,0,0,0,0
118.71,15,4,0,1,0,1,0,0,1
171.47,7,55,0,1,0,0,1,0,1
213.27,12,25,1,0,0,0,1,0,0
973.41,8,43,0,1,1,0,0,0,0
453.51,12,12,0,0,0,0,1,0,0
771.6,14,30,0,1,0,0,1,0,0
1092.12,18,27,0,1,0,0,0,1,0
661.38,12,2,0,0,0,1,0,0,0
626.52,13,22,0,1,1,0,0,0,0
1139.28,12,36,0,1,0,1,0,0,0
432.1,13,9,0,1,0,0,1,0,0
890.31,16,23,0,1,0,0,0,1,0
284.9,16,5,0,1,1,0,0,0,0
1424.5,18,19,0,1,0,0,1,0,0
2374.15,18,12,0,1,0,0,1,0,0
830.96,12,15,0,1,1,0,0,0,0
569.8,12,26,0,1,0,0,0,1,0
807.22,18,17,0,1,1,0,0,0,0
356.13,15,4,0,1,1,0,0,0,0
712.25,17,45,0,1,1,0,0,0,0
296.77,8,32,0,0,0,0,0,1,0
617.28,14,6,0,1,1,0,0,0,0
361.34,16,8,0,0,0,0,1,0,0
759.73,8,45,0,0,0,0,1,0,0
1020.89,18,6,0,1,1,0,0,0,0
233.99,12,1,0,1,1,0,0,0,0
973.41,14,26,0,1,0,1,0,0,0
1139.6,18,9,0,1,0,1,0,0,0
1471.98,18,27,0,1,0,1,0,0,0
96.23,13,2,0,1,0,1,0,0,1
2207.98,17,25,0,1,0,0,0,1,0
712.25,15,16,0,0,0,0,0,1,0
379.87,9,12,0,1,0,0,1,0,0
617.28,15,40,0,1,0,1,0,0,0
664.77,12,9,0,1,0,1,0,0,0
290.49,10,4,0,1,0,0,1,0,1
593.54,12,12,0,0,1,0,0,0,0
1103.99,13,13,0,1,0,0,0,1,0
933.71,17,8,0,1,1,0,0,0,0
593.54,12,40,0,1,1,0,0,0,0
303.7,12,42,0,1,1,0,0,0,1
364.67,12,5,0,0,0,1,0,0,0
215.06,12,22,0,0,0,0,1,0,0
979.6,18,9,0,1,0,0,0,1,0
878.44,16,15,0,0,0,0,0,1,0
664.77,18,13,1,1,1,0,0,0,0
949.67,12,7,0,1,0,1,0,0,0
498.58,12,31,0,1,1,0,0,0,0
949.67,12,28,0,1,1,0,0,0,0
189.93,13,22,0,0,0,0,0,1,0
783.48,14,26,0,1,0,1,0,0,0
902.18,16,20,0,1,0,0,1,0,0
486.7,12,21,0,1,0,0,1,0,0
759.73,12,42,0,1,0,0,1,0,0
899.81,12,12,0,1,1,0,0,0,0
546.06,12,5,0,1,0,1,0,0,0
1139.6,16,7,0,1,0,0,0,1,0
96.3,12,7,0,1,0,0,0,1,0
712.25,16,15,0,1,0,0,0,1,0
1424.5,18,27,0,1,0,0,0,1,0
731.24,12,19,0,0,0,1,0,0,0
366.26,13,22,0,1,1,0,0,0,0
123.46,17,4,0,1,0,0,1,0,0
1068.38,16,26,0,1,0,0,0,1,0
1689.22,18,27,0,1,0,0,1,0,0
997.15,10,43,0,1,1,0,0,0,0
664.77,12,17,0,1,1,0,0,0,0
296.77,10,5,0,1,0,0,0,1,0
534.19,11,19,0,0,0,0,0,1,0
902.18,16,7,0,1,0,0,1,0,0
735.99,18,10,0,1,0,0,1,0,0
115.74,12,34,0,0,0,0,1,0,1
664.77,18,13,0,0,0,1,0,0,0
712.25,12,37,0,1,0,0,0,1,0
1187.08,16,8,0,1,1,0,0,0,0
189.93,12,3,0,1,0,0,1,0,0
783.48,15,8,0,1,1,0,0,0,0
1271.96,12,29,0,1,1,0,0,0,0
434.16,8,39,0,1,1,0,0,0,0
227.92,12,11,1,0,0,0,1,0,0
189.93,12,37,0,1,0,0,0,1,0
474.83,12,39,0,1,0,1,0,0,0
854.7,12,13,0,0,0,0,0,1,0
332.38,12,4,0,1,0,0,1,0,0
712.25,18,24,0,0,0,0,0,1,0
308.64,12,4,0,1,0,0,0,1,0
569.8,12,19,0,1,1,0,0,0,0
261.16,12,13,0,1,0,0,0,1,0
675.93,7,42,1,1,0,1,0,0,0
546.06,15,2,0,1,1,0,0,0,0
320.99,12,6,0,0,1,0,0,0,0
712.25,10,18,0,1,0,0,1,0,0
522.32,12,44,0,1,0,0,0,1,0
869.81,12,16,0,0,0,0,0,1,0
623.77,12,46,0,1,1,0,0,0,0
237.42,13,7,0,0,0,0,1,0,0
605.53,4,55,0,1,0,0,1,0,0
102.88,12,47,0,0,1,0,0,0,1
800.74,14,11,0,0,0,1,0,0,0
385.19,18,7,0,1,0,0,1,0,1
735.99,16,3,0,1,0,0,1,0,0
783.48,16,9,0,1,0,1,0,0,0
688.51,12,16,0,1,0,1,0,0,0
370.37,12,23,0,0,0,0,1,0,0
370.37,12,7,1,1,0,1,0,0,0
493.83,8,33,0,1,0,1,0,0,0
259.26,7,17,0,1,0,0,0,1,0
411.52,18,6,0,0,0,1,0,0,0
161.12,8,52,0,1,0,1,0,0,1
712.25,12,30,0,1,0,1,0,0,0
432.31,12,12,0,1,0,1,0,0,0
427.35,12,6,0,1,0,0,1,0,0
902.18,14,12,0,1,0,0,0,1,0
356.13,12,30,0,1,1,0,0,0,0
261.16,12,8,0,1,0,0,0,1,0
474.83,12,5,0,1,0,0,0,1,0
664.77,18,6,0,1,0,0,1,0,0
750.42,15,14,0,1,0,1,0,0,0
1187.08,12,18,0,1,0,0,0,1,0
569.8,13,9,0,1,0,0,0,1,0
973.41,15,35,0,1,0,0,1,0,0
1495.73,14,30,0,1,1,0,0,0,0
819.09,16,8,0,1,0,1,0,0,0
902.18,14,14,0,1,0,0,0,1,0
118.71,15,11,0,1,0,0,0,1,1
588.21,12,7,0,1,1,0,0,0,0
231.48,12,32,0,0,0,0,0,1,0
830.96,17,4,0,1,0,0,1,0,0
515.19,16,22,0,1,0,0,1,0,0
759.73,12,13,0,0,0,0,1,0,0
510.45,15,19,0,1,1,0,0,0,0
759.73,16,33,0,0,1,0,0,0,0
54.01,12,0,0,1,1,0,0,0,1
148.15,6,11,0,0,0,0,0,1,0
102.88,12,0,0,1,0,1,0,0,1
86.13,12,0,0,1,0,0,0,1,1
498.58,14,9,1,1,0,0,0,1,0
664.77,13,32,0,1,0,0,1,0,0
679.01,13,20,0,1,0,0,1,0,0
274.35,12,9,0,1,0,0,1,0,0
1068.38,16,38,0,1,1,0,0,0,0
459.94,11,16,0,0,0,0,1,0,0
356.13,13,30,0,1,0,0,1,0,0
1424.5,16,19,0,1,1,0,0,0,0
949.67,18,27,0,1,1,0,0,0,0
455.65,14,8,0,0,0,0,1,0,0
85.66,13,0,1,1,0,1,0,0,1
329.22,15,-1,0,1,1,0,0,0,0
1329.53,15,10,0,1,1,0,0,0,0
2374.15,18,30,0,0,0,1,0,0,0
522.32,12,7,0,1,0,1,0,0,0
949.67,11,43,0,1,0,1,0,0,0
958.62,12,30,0,1,0,1,0,0,0
66.48,12,52,0,1,1,0,0,0,1
1266.22,16,6,0,1,0,0,1,0,0
123.46,12,43,0,1,0,1,0,0,0
759.73,11,20,0,1,0,0,1,0,0
356.13,14,35,1,1,0,0,1,0,0
854.7,12,23,0,1,0,0,0,1,0
688.51,15,29,0,1,0,0,1,0,0
53.83,12,1,1,1,0,0,0,1,0
333.33,12,7,0,0,0,1,0,0,0
1068.38,18,23,0,0,0,0,0,1,0
752.54,14,29,0,1,1,0,0,0,0
1056.51,16,19,0,1,1,0,0,0,0
522.32,14,14,0,1,0,0,1,0,0
148.15,15,-1,0,1,0,0,1,0,0
1132.48,18,4,0,1,0,0,1,0,0
1210.83,16,21,0,1,0,1,0,0,0
284.9,12,2,0,1,0,0,1,0,0
142.45,13,0,0,0,0,0,0,1,0
740.74,12,35,0,1,0,1,0,0,0
324.89,8,38,1,0,0,0,1,0,0
740.74,14,9,0,1,0,1,0,0,0
252.06,11,1,0,1,0,1,0,0,0
875.69,12,8,0,1,0,0,1,0,0
119.9,14,5,0,1,0,0,0,1,1
621.31,13,17,0,0,0,0,1,0,0
91.62,12,5,0,0,0,1,0,0,0
498.58,18,7,0,1,0,1,0,0,0
783.48,12,33,0,1,0,1,0,0,0
2057.61,16,27,0,1,1,0,0,0,0
759.73,12,20,0,1,0,1,0,0,0
274.35,18,1,0,1,0,1,0,0,0
2374.15,18,19,0,1,1,0,0,0,0
451.09,12,5,0,0,0,1,0,0,0
740.74,12,12,0,1,0,0,1,0,0
929.84,16,23,0,1,0,0,1,0,0
347.22,12,10,0,1,0,0,1,0,0
498.58,12,20,1,1,1,0,0,0,0
352.73,10,24,0,1,0,0,0,1,0
1448.24,16,7,0,1,0,0,1,0,0
451.09,16,32,0,1,0,1,0,0,0
525.43,10,43,0,1,1,0,0,0,0
213.68,12,11,0,1,0,0,1,0,0
64.98,12,1,0,1,0,1,0,0,1
689.96,12,28,0,1,1,0,0,0,0
498.58,15,10,0,1,0,0,0,1,0
189.93,2,12,0,1,0,0,1,0,0
58.1,14,5,0,1,0,1,0,0,1
474.83,12,9,0,1,0,0,1,0,0
249.85,12,3,0,1,0,0,1,0,0
253.24,12,1,0,0,0,0,0,1,1
976.97,17,13,0,0,0,0,1,0,0
51.44,16,-1,0,1,1,0,0,0,1
949.67,12,13,0,1,0,0,1,0,0
818.11,12,11,0,1,0,1,0,0,0
157.02,14,-1,1,1,0,0,1,0,1
712.25,16,6,1,1,0,0,0,1,0
420.88,13,28,0,0,0,1,0,0,0
528.37,11,43,0,1,1,0,0,0,0
320.99,12,1,0,1,0,1,0,0,0
92.59,12,2,0,0,0,1,0,0,0
125.85,8,18,0,0,0,1,0,0,0
451.09,16,14,0,0,0,1,0,0,0
284.9,16,2,0,1,0,0,1,0,0
2374.15,18,16,0,1,1,0,0,0,0
205.76,12,3,0,1,1,0,0,0,0
284.9,10,10,0,1,0,0,0,1,0
530.06,12,45,0,1,0,0,1,0,1
370.37,12,16,0,1,0,0,1,0,0
1975.31,18,29,0,1,0,0,0,1,0
1899.34,18,17,0,1,0,0,0,1,0
1020.89,14,10,0,1,0,0,1,0,0
830.96,16,20,0,1,0,1,0,0,0
474.83,16,7,0,1,0,1,0,0,0
765.43,12,40,0,1,1,0,0,0,0
370.37,16,5,0,1,0,0,0,1,0
590.08,12,6,0,1,0,1,0,0,0
1068.38,18,24,0,1,0,1,0,0,0
565.84,18,35,0,1,0,0,0,1,1
94.97,12,7,0,1,1,0,0,0,0
807.22,12,22,0,1,0,1,0,0,0
379.87,12,10,0,0,0,1,0,0,0
2292.77,13,-1,0,1,0,0,0,1,0
237.42,12,3,0,1,0,0,0,1,0
971.89,12,18,0,1,0,1,0,0,0
878.44,18,20,0,1,0,1,0,0,0
790.12,14,12,0,1,0,0,1,0,0
154.32,12,45,0,1,0,0,0,1,0
231.48,12,26,0,0,0,0,1,0,0
498.58,15,6,0,1,0,1,0,0,0
412.77,9,11,0,1,0,0,0,1,0
617.28,12,20,0,0,1,0,0,0,0
763.3,18,13,0,1,0,0,1,0,0
830.96,16,13,0,1,1,0,0,0,0
783.48,16,13,0,1,0,0,1,0,0
720.61,16,19,0,1,1,0,0,0,0
222.22,2,35,0,1,0,1,0,0,0
1424.5,16,35,0,0,0,0,1,0,0
688.51,12,24,0,1,0,1,0,0,0
641.03,12,7,0,1,0,0,1,0,0
592.59,11,10,0,1,0,0,1,0,0
527.07,18,11,0,0,0,1,0,0,0
1377.02,16,24,0,1,0,0,1,0,0
282.47,10,4,0,0,0,0,1,0,0
427.35,12,3,0,1,0,1,0,0,1
189.93,12,16,0,0,1,0,0,0,0
759.73,12,13,0,1,0,0,1,0,0
498.58,12,16,0,0,1,0,0,0,0
410.73,11,12,0,1,1,0,0,0,0
284.9,12,8,0,1,0,1,0,0,0
899.02,12,10,0,1,0,0,0,1,0
546.06,12,17,0,1,0,1,0,0,0
783.48,14,19,0,1,1,0,0,0,0
688.51,13,19,0,1,0,0,1,0,0
405.64,13,11,0,1,0,1,0,0,0
593.54,0,56,0,1,0,0,0,1,0
902.18,12,30,0,1,0,1,0,0,0
1519.47,16,10,0,1,0,1,0,0,0
123.46,12,45,0,1,1,0,0,0,1
759.73,12,37,0,1,1,0,0,0,0
379.87,16,13,0,0,1,0,0,0,0
166.19,14,47,0,0,0,0,0,1,0
830.96,18,31,0,1,0,0,1,0,0
246.91,6,9,0,1,0,0,1,0,1
411.52,14,39,0,1,0,0,1,0,0
759.73,14,22,0,1,1,0,0,0,0
396.79,12,22,0,0,0,1,0,0,0
166.19,16,2,0,1,0,0,1,0,0
406.33,14,11,1,1,0,0,1,0,0
379.87,11,12,0,0,0,0,1,0,0
997.15,18,19,0,1,1,0,0,0,0
207.74,10,3,0,0,0,1,0,0,0
130.58,14,2,0,1,1,0,0,0,1
1092.32,12,17,0,1,0,1,0,0,0
365.62,12,12,0,0,0,0,0,1,0
1187.08,16,12,0,1,0,0,0,1,0
1187.08,18,17,0,0,0,0,1,0,0
451.09,10,34,0,1,1,0,0,0,0
546.06,14,3,0,1,1,0,0,0,0
973.41,14,27,0,1,1,0,0,0,0
415.48,11,31,0,1,0,0,1,0,0
382.98,12,27,0,1,0,0,0,1,0
451.09,12,18,0,0,0,0,1,0,0
183.6,15,5,0,1,0,0,0,1,0
379.87,13,31,0,1,0,1,0,0,0
1377.02,16,32,0,1,0,0,0,1,0
77.16,12,28,0,0,0,1,0,0,0
680.27,12,16,0,1,0,0,0,1,0
2374.15,16,22,0,1,0,0,1,0,0
189.93,5,24,1,0,0,0,1,0,0
284.9,10,28,0,0,0,0,1,0,0
129.18,12,13,0,0,0,1,0,0,0
759.73,14,29,0,1,1,0,0,0,0
517.19,12,26,0,1,1,0,0,0,0
781.1,16,11,0,0,0,0,0,1,0
2393.55,7,19,0,1,0,0,1,0,1
2374.15,12,26,0,1,1,0,0,0,0
261.16,12,25,1,0,0,0,1,0,0
830.96,12,40,0,1,1,0,0,0,0
308.64,10,45,0,0,0,0,1,0,0
178.6,16,0,0,0,0,1,0,0,1
281.48,13,15,0,0,0,0,1,0,0
641.03,16,4,0,1,0,0,1,0,0
158.72,9,8,0,1,0,1,0,0,0
712.25,18,16,0,1,1,0,0,0,0
296.3,18,19,0,1,1,0,0,0,0
728.87,18,21,0,1,0,0,0,1,0
132.1,11,14,1,1,0,1,0,0,0
701.23,14,37,0,1,1,0,0,0,0
222.22,9,24,0,0,0,0,1,0,0
78.35,12,3,0,1,0,1,0,0,1
332.38,10,9,0,1,0,1,0,0,0
569.8,11,18,0,0,1,0,0,0,0
130.58,17,-1,0,1,0,1,0,0,1
891.47,12,47,0,1,0,0,1,0,0
735.99,12,15,0,1,1,0,0,0,0
427.35,8,48,0,1,1,0,0,0,0
245.63,12,10,0,1,0,0,1,0,0
90.22,12,43,0,0,1,0,0,0,0
546.06,12,39,0,1,0,0,1,0,0
356.13,12,11,0,1,0,0,1,0,0
385.09,13,13,0,1,1,0,0,0,0
474.83,12,17,0,1,0,0,0,1,0
1780.63,16,38,0,1,0,1,0,0,0
118.71,13,10,1,1,0,0,1,0,0
580.97,12,43,0,0,0,1,0,0,0
494.78,18,38,0,0,0,1,0,0,0
961.54,16,30,0,1,0,0,1,0,0
688.51,10,16,0,1,1,0,0,0,0
807.22,16,15,0,0,1,0,0,0,0
712.25,7,38,0,1,0,0,1,0,0
332.38,15,10,1,1,0,0,1,0,0
468.09,16,18,0,1,0,1,0,0,0
584,16,15,0,1,0,0,0,1,0
427.35,13,4,0,1,1,0,0,0,0
185.19,18,25,0,1,1,0,0,0,0
712.25,12,10,0,1,0,0,1,0,0
